dataset,sample_id,method,status,safeguard_enabled,safeguard_used,native_k,native_mse,final_k,final_mse,extra_refit_count,final_source,repair_status,capacity,complete_ms
Synthetic,seed20000_sample2679,dung_direct_knot_2017_adaptation,ok,True,True,5,0.0021940331625299177,9,4.095531342934435e-05,12,residual_guided_augmentation,repaired_feasible,64,121.6689909924753
Synthetic,seed20000_sample2679,kang_sparse_2015_adaptation,ok,True,True,6,7.994926794438027e-05,8,2.9680338748247488e-05,6,residual_guided_augmentation,repaired_feasible,64,1344.0649910189677
Synthetic,seed20000_sample2679,luo_linf_de_2022_adaptation,ok,True,False,6,4.483896376537026e-05,6,4.483896376537026e-05,0,native,native_feasible,64,3091.7708609777037
Synthetic,seed20000_sample2057,dung_direct_knot_2017_adaptation,ok,True,True,5,0.0015518769018079404,10,3.906888815213274e-05,15,residual_guided_augmentation,repaired_feasible,64,105.62286098138429
Synthetic,seed20000_sample2057,kang_sparse_2015_adaptation,ok,True,False,6,2.7895407716650927e-05,6,2.7895407716650927e-05,0,native,native_feasible,64,1185.513427015394
Synthetic,seed20000_sample2057,luo_linf_de_2022_adaptation,ok,True,False,6,3.910998324115744e-05,6,3.910998324115744e-05,0,native,native_feasible,64,3045.1818440051284
Synthetic,seed20000_sample2344,dung_direct_knot_2017_adaptation,ok,True,True,6,0.0020223583625721916,11,4.932517563741601e-05,15,residual_guided_augmentation,repaired_feasible,64,137.95577400014736
Synthetic,seed20000_sample2344,kang_sparse_2015_adaptation,ok,True,True,8,5.2894806650038166e-05,9,4.764698470980777e-05,3,residual_guided_augmentation,repaired_feasible,64,1270.2202169748489
Synthetic,seed20000_sample2344,luo_linf_de_2022_adaptation,ok,True,False,11,3.279642329841045e-05,11,3.279642329841045e-05,0,native,native_feasible,64,3241.238941991469
Synthetic,seed20000_sample3595,dung_direct_knot_2017_adaptation,ok,True,True,6,0.0026969546938576364,17,2.618676327411146e-05,33,residual_guided_augmentation,repaired_feasible,64,158.13006000826135
Synthetic,seed20000_sample3595,kang_sparse_2015_adaptation,ok,True,True,7,5.923684955343493e-05,8,3.358295403046186e-05,3,residual_guided_augmentation,repaired_feasible,64,1264.2334859992843
Synthetic,seed20000_sample3595,luo_linf_de_2022_adaptation,ok,True,True,7,8.465364829312557e-05,11,4.950607357326537e-05,12,residual_guided_augmentation,repaired_feasible,64,2920.7840279850643
Synthetic,seed20000_sample3602,dung_direct_knot_2017_adaptation,ok,True,True,7,0.002244377360149217,12,4.191622602192459e-05,15,residual_guided_augmentation,repaired_feasible,64,141.9080070045311
Synthetic,seed20000_sample3602,kang_sparse_2015_adaptation,ok,True,False,8,4.5579121394990894e-05,8,4.5579121394990894e-05,0,native,native_feasible,64,1248.8788129994646
Synthetic,seed20000_sample3602,luo_linf_de_2022_adaptation,ok,True,False,15,3.113671637219891e-05,15,3.113671637219891e-05,0,native,native_feasible,64,3353.946694987826
Synthetic,seed20000_sample617,dung_direct_knot_2017_adaptation,ok,True,True,6,0.0016148004532140839,19,3.520288865336067e-05,39,residual_guided_augmentation,repaired_feasible,64,192.59053200948983
Synthetic,seed20000_sample617,kang_sparse_2015_adaptation,ok,True,True,8,8.11250160677611e-05,10,4.7184117593931616e-05,6,residual_guided_augmentation,repaired_feasible,64,1223.2990780030377
Synthetic,seed20000_sample617,luo_linf_de_2022_adaptation,ok,True,False,12,3.92486252444164e-05,12,3.92486252444164e-05,0,native,native_feasible,64,3284.6776000224054
Synthetic,seed20000_sample3494,dung_direct_knot_2017_adaptation,ok,True,True,7,0.0022717491457686745,15,4.7427281853733554e-05,24,residual_guided_augmentation,repaired_feasible,64,207.02742002322339
Synthetic,seed20000_sample3494,kang_sparse_2015_adaptation,ok,True,True,11,8.704959541386032e-05,13,4.511100521284746e-05,6,residual_guided_augmentation,repaired_feasible,64,1171.5483900043182
Synthetic,seed20000_sample3494,luo_linf_de_2022_adaptation,ok,True,True,15,7.49727972393485e-05,19,4.3065140848825226e-05,12,residual_guided_augmentation,repaired_feasible,64,3266.9257079833187
Synthetic,seed20000_sample1758,dung_direct_knot_2017_adaptation,ok,True,True,8,0.001982398591386855,15,4.303132137533933e-05,21,residual_guided_augmentation,repaired_feasible,64,193.91543199890293
Synthetic,seed20000_sample1758,kang_sparse_2015_adaptation,ok,True,True,11,6.443435837158695e-05,12,4.948992310943872e-05,3,residual_guided_augmentation,repaired_feasible,64,1221.1956249957439
Synthetic,seed20000_sample1758,luo_linf_de_2022_adaptation,ok,True,False,19,2.1016446930203492e-05,19,2.1016446930203492e-05,0,native,native_feasible,64,3129.9226109986193
Synthetic,seed20000_sample1236,dung_direct_knot_2017_adaptation,ok,True,True,9,0.0019181997590043541,17,4.952112030600857e-05,24,residual_guided_augmentation,repaired_feasible,64,210.76016398728825
Synthetic,seed20000_sample1236,kang_sparse_2015_adaptation,ok,True,True,11,9.160654688143296e-05,14,4.837140094280471e-05,9,residual_guided_augmentation,repaired_feasible,64,1172.090777021367
Synthetic,seed20000_sample1236,luo_linf_de_2022_adaptation,ok,True,True,13,8.624772173419601e-05,18,4.269258767175743e-05,15,residual_guided_augmentation,repaired_feasible,64,3253.941978997318
Synthetic,seed20000_sample194,dung_direct_knot_2017_adaptation,ok,True,True,8,0.0015810301698759167,18,4.139633885363725e-05,30,residual_guided_augmentation,repaired_feasible,64,167.00170701369643
Synthetic,seed20000_sample194,kang_sparse_2015_adaptation,ok,True,True,10,6.444343161485215e-05,12,4.414018248679552e-05,6,residual_guided_augmentation,repaired_feasible,64,1189.7703960130457
Synthetic,seed20000_sample194,luo_linf_de_2022_adaptation,ok,True,False,18,3.76687806412718e-05,18,3.76687806412718e-05,0,native,native_feasible,64,3323.0606190045364
Synthetic,seed20000_sample365,dung_direct_knot_2017_adaptation,ok,True,True,10,0.0018452598416373856,21,4.419999402379004e-05,33,residual_guided_augmentation,repaired_feasible,64,234.73010401357897
Synthetic,seed20000_sample365,kang_sparse_2015_adaptation,ok,True,True,12,7.379716034122479e-05,15,4.2900498851224386e-05,9,residual_guided_augmentation,repaired_feasible,64,1180.608144000871
Synthetic,seed20000_sample365,luo_linf_de_2022_adaptation,ok,True,True,8,0.0028711882469158387,20,4.9283904719231676e-05,36,residual_guided_augmentation,repaired_feasible,64,3162.9745480022393
Synthetic,seed20000_sample3465,dung_direct_knot_2017_adaptation,ok,True,True,10,0.000886974177287563,18,4.9733848556409214e-05,24,residual_guided_augmentation,repaired_feasible,64,227.56787098478526
Synthetic,seed20000_sample3465,kang_sparse_2015_adaptation,ok,True,True,12,0.00013513180046252344,19,4.487585459180227e-05,21,residual_guided_augmentation,repaired_feasible,64,1164.3709400086664
Synthetic,seed20000_sample3465,luo_linf_de_2022_adaptation,ok,True,True,12,0.00019502035066686668,23,3.878742260023912e-05,33,residual_guided_augmentation,repaired_feasible,64,3175.573760003317
Synthetic,seed20000_sample2797,dung_direct_knot_2017_adaptation,ok,True,True,11,0.000843299261702294,20,4.851632982418526e-05,27,residual_guided_augmentation,repaired_feasible,64,256.6973450011574
Synthetic,seed20000_sample2797,kang_sparse_2015_adaptation,ok,True,True,13,0.00010483690810796103,17,4.8457631137723044e-05,12,residual_guided_augmentation,repaired_feasible,64,1205.5466560123023
Synthetic,seed20000_sample2797,luo_linf_de_2022_adaptation,ok,True,True,11,0.000523854903851328,25,4.35271474382968e-05,42,residual_guided_augmentation,repaired_feasible,64,3029.64412298752
Synthetic,seed20000_sample1930,dung_direct_knot_2017_adaptation,ok,True,True,11,0.0010924700980898914,18,4.78826291196456e-05,21,residual_guided_augmentation,repaired_feasible,64,246.22708902461454
Synthetic,seed20000_sample1930,kang_sparse_2015_adaptation,ok,True,True,14,9.222840071543243e-05,16,4.359250244917375e-05,6,residual_guided_augmentation,repaired_feasible,64,1175.1727329974528
Synthetic,seed20000_sample1930,luo_linf_de_2022_adaptation,ok,True,True,14,8.001931996188814e-05,18,4.6894908486207414e-05,12,residual_guided_augmentation,repaired_feasible,64,3277.1989979955833
Synthetic,seed20000_sample2097,dung_direct_knot_2017_adaptation,ok,True,True,11,0.0010875519071405933,24,4.7891603378545017e-05,39,residual_guided_augmentation,repaired_feasible,64,293.5820260026958
Synthetic,seed20000_sample2097,kang_sparse_2015_adaptation,ok,True,True,15,0.00010810744135704088,20,4.5570792117470363e-05,15,residual_guided_augmentation,repaired_feasible,64,1166.5189760096837
Synthetic,seed20000_sample2097,luo_linf_de_2022_adaptation,ok,True,True,5,0.003216181865402321,26,4.5485198899315315e-05,63,residual_guided_augmentation,repaired_feasible,64,3230.0009499886073
Synthetic,seed20000_sample4016,dung_direct_knot_2017_adaptation,ok,True,True,12,0.0007378550340054208,23,4.813691291057757e-05,33,residual_guided_augmentation,repaired_feasible,64,327.142157999333
Synthetic,seed20000_sample4016,kang_sparse_2015_adaptation,ok,True,False,51,5.018718582845273e-06,51,5.018718582845273e-06,0,native,native_feasible,64,871.4142979879398
Synthetic,seed20000_sample4016,luo_linf_de_2022_adaptation,ok,True,True,11,0.0018184045236451403,28,4.705857354221667e-05,51,residual_guided_augmentation,repaired_feasible,64,3366.9570419879165
Synthetic,seed20000_sample1601,dung_direct_knot_2017_adaptation,ok,True,True,13,0.0005924474733836398,21,4.8708881389652264e-05,24,residual_guided_augmentation,repaired_feasible,64,334.6386429911945
Synthetic,seed20000_sample1601,kang_sparse_2015_adaptation,ok,True,False,52,6.0363675702044045e-06,52,6.0363675702044045e-06,0,native,native_feasible,64,869.2749140027445
Synthetic,seed20000_sample1601,luo_linf_de_2022_adaptation,ok,True,True,11,0.0026494160889378587,34,4.667815441977284e-05,69,residual_guided_augmentation,repaired_feasible,64,3371.0148830141407
Synthetic,seed20000_sample764,dung_direct_knot_2017_adaptation,ok,True,True,13,0.001616031290124025,24,4.918815224875963e-05,33,residual_guided_augmentation,repaired_feasible,64,334.08841598429717
Synthetic,seed20000_sample764,kang_sparse_2015_adaptation,ok,True,False,50,5.709465130887736e-06,50,5.709465130887736e-06,0,native,native_feasible,64,872.5685740064364
Synthetic,seed20000_sample764,luo_linf_de_2022_adaptation,ok,True,True,12,0.002315892259805512,25,4.9188643537057875e-05,39,residual_guided_augmentation,repaired_feasible,64,3311.6635459882673
Synthetic,seed20000_sample3366,dung_direct_knot_2017_adaptation,ok,True,True,13,0.0014300725132382521,19,4.8480247982345565e-05,18,residual_guided_augmentation,repaired_feasible,64,339.16349601349793
Synthetic,seed20000_sample3366,kang_sparse_2015_adaptation,ok,True,False,61,5.8115782921118795e-06,61,5.8115782921118795e-06,0,native,native_feasible,64,822.8738740144763
Synthetic,seed20000_sample3366,luo_linf_de_2022_adaptation,ok,True,True,13,0.0019006488352554989,30,4.7000915107682974e-05,51,residual_guided_augmentation,repaired_feasible,64,3251.138368010288
Synthetic,seed20000_sample2996,dung_direct_knot_2017_adaptation,ok,True,True,14,0.0006341945768166261,24,4.716482673476659e-05,30,residual_guided_augmentation,repaired_feasible,64,388.1252020073589
Synthetic,seed20000_sample2996,kang_sparse_2015_adaptation,ok,True,True,1,0.005993870260607273,32,4.2937109833239345e-05,93,residual_guided_augmentation,repaired_feasible,64,559.4968950026669
Synthetic,seed20000_sample2996,luo_linf_de_2022_adaptation,ok,True,True,11,0.0031901609818982186,29,4.772781848225934e-05,54,residual_guided_augmentation,repaired_feasible,64,3123.8060549949296
Synthetic,seed20000_sample2204,dung_direct_knot_2017_adaptation,ok,True,True,14,0.0011801832111046635,23,4.71064413478598e-05,27,residual_guided_augmentation,repaired_feasible,64,353.9501999912318
Synthetic,seed20000_sample2204,kang_sparse_2015_adaptation,ok,True,False,62,7.076960650879325e-06,62,7.076960650879325e-06,0,native,native_feasible,64,773.8033980131149
Synthetic,seed20000_sample2204,luo_linf_de_2022_adaptation,ok,True,True,12,0.002357027657497563,33,4.703960029972386e-05,63,residual_guided_augmentation,repaired_feasible,64,3295.0781660038047
Synthetic,seed20000_sample3084,dung_direct_knot_2017_adaptation,ok,True,True,16,0.00011384950866415123,23,4.578775075419078e-05,21,residual_guided_augmentation,repaired_feasible,64,384.39142098650336
Synthetic,seed20000_sample3084,kang_sparse_2015_adaptation,ok,True,True,2,0.004342047311832222,31,4.796599665849293e-05,87,residual_guided_augmentation,repaired_feasible,64,564.7503290092573
Synthetic,seed20000_sample3084,luo_linf_de_2022_adaptation,ok,True,True,13,0.0027886636514524617,34,4.626504300588166e-05,63,residual_guided_augmentation,repaired_feasible,64,3239.9339959956706
Synthetic,seed20000_sample961,dung_direct_knot_2017_adaptation,ok,True,True,16,0.0007897772831599329,28,4.99245163744266e-05,36,residual_guided_augmentation,repaired_feasible,64,469.9108269996941
Synthetic,seed20000_sample961,kang_sparse_2015_adaptation,ok,True,True,9,0.004229608591021839,37,4.708353374025448e-05,84,residual_guided_augmentation,repaired_feasible,64,544.6174769895151
Synthetic,seed20000_sample961,luo_linf_de_2022_adaptation,ok,True,True,15,0.0019244203276347794,35,4.977100408091185e-05,60,residual_guided_augmentation,repaired_feasible,64,3098.9110140071716
Synthetic,seed20000_sample3684,dung_direct_knot_2017_adaptation,ok,True,True,16,0.00048448997313734615,28,4.6308010316504715e-05,36,residual_guided_augmentation,repaired_feasible,64,482.0546399860177
Synthetic,seed20000_sample3684,kang_sparse_2015_adaptation,ok,True,True,2,0.004861302257381798,38,4.449137152072268e-05,108,residual_guided_augmentation,repaired_feasible,64,596.0392249980941
Synthetic,seed20000_sample3684,luo_linf_de_2022_adaptation,ok,True,True,11,0.002249017509740047,33,4.953196408375264e-05,66,residual_guided_augmentation,repaired_feasible,64,2820.4339419899043
Synthetic,seed20000_sample3248,dung_direct_knot_2017_adaptation,ok,True,True,17,0.0003497445954458397,32,4.869270215083501e-05,45,residual_guided_augmentation,repaired_feasible,64,528.3371929835994
Synthetic,seed20000_sample3248,kang_sparse_2015_adaptation,ok,True,True,1,0.006358934652147467,36,4.675092038422692e-05,105,residual_guided_augmentation,repaired_feasible,64,571.8926810077392
Synthetic,seed20000_sample3248,luo_linf_de_2022_adaptation,ok,True,True,3,0.005133404747970214,35,4.905793102880763e-05,96,residual_guided_augmentation,repaired_feasible,64,2784.9542750045657
Synthetic,seed20000_sample278,dung_direct_knot_2017_adaptation,ok,True,True,17,0.0006104156163187503,29,4.7075262522108245e-05,36,residual_guided_augmentation,repaired_feasible,64,506.75338599830866
Synthetic,seed20000_sample278,kang_sparse_2015_adaptation,ok,True,True,1,0.007195113295217002,34,4.651680745195463e-05,99,residual_guided_augmentation,repaired_feasible,64,568.080169003224
Synthetic,seed20000_sample278,luo_linf_de_2022_adaptation,ok,True,True,15,0.0030299627336102604,37,4.748942428446677e-05,66,residual_guided_augmentation,repaired_feasible,64,3079.390760016395
Synthetic,seed20000_sample2753,dung_direct_knot_2017_adaptation,ok,True,True,18,0.0007313014502418686,30,4.837316385866576e-05,36,residual_guided_augmentation,repaired_feasible,64,484.65952300466597
Synthetic,seed20000_sample2753,kang_sparse_2015_adaptation,ok,True,True,2,0.004178506947999676,39,4.7452091026859714e-05,111,residual_guided_augmentation,repaired_feasible,64,596.592629008228
Synthetic,seed20000_sample2753,luo_linf_de_2022_adaptation,ok,True,True,15,0.0023545831027287044,42,4.625403715172033e-05,81,residual_guided_augmentation,repaired_feasible,64,2896.3349670229945
Synthetic,seed20000_sample2138,dung_direct_knot_2017_adaptation,ok,True,True,18,0.0005819984673513756,30,4.750592539329822e-05,36,residual_guided_augmentation,repaired_feasible,64,484.22716700588353
Synthetic,seed20000_sample2138,kang_sparse_2015_adaptation,ok,True,True,2,0.004203334444692556,38,4.6787556526009946e-05,108,residual_guided_augmentation,repaired_feasible,64,590.8290979859885
Synthetic,seed20000_sample2138,luo_linf_de_2022_adaptation,ok,True,True,11,0.0026236100872819314,36,4.636957019635087e-05,75,residual_guided_augmentation,repaired_feasible,64,2728.068592987256
Synthetic,seed20000_sample731,dung_direct_knot_2017_adaptation,ok,True,True,19,0.000580114246809275,34,4.770149368280845e-05,45,residual_guided_augmentation,repaired_feasible,64,579.4017369917128
Synthetic,seed20000_sample731,kang_sparse_2015_adaptation,ok,True,True,1,0.005429784496037822,41,4.8631016502581944e-05,120,residual_guided_augmentation,repaired_feasible,64,593.3923079865053
Synthetic,seed20000_sample731,luo_linf_de_2022_adaptation,ok,True,True,7,0.004188734902544484,39,4.7636893915001634e-05,96,residual_guided_augmentation,repaired_feasible,64,2808.0841049959417
Synthetic,seed20000_sample1405,dung_direct_knot_2017_adaptation,ok,True,True,19,0.0004771453688971466,34,4.80582559201955e-05,45,residual_guided_augmentation,repaired_feasible,64,570.6606399908196
Synthetic,seed20000_sample1405,kang_sparse_2015_adaptation,ok,True,False,56,2.3779990716007987e-05,56,2.3779990716007987e-05,0,native,native_feasible,64,440.80335000762716
Synthetic,seed20000_sample1405,luo_linf_de_2022_adaptation,ok,True,True,7,0.0041469037961430555,39,4.8890540276643554e-05,96,residual_guided_augmentation,repaired_feasible,64,2580.286130978493
Synthetic,seed20000_sample937,dung_direct_knot_2017_adaptation,ok,True,True,19,0.0008270795371236435,31,4.7850656745017436e-05,36,residual_guided_augmentation,repaired_feasible,64,511.5136339736637
Synthetic,seed20000_sample937,kang_sparse_2015_adaptation,ok,True,True,1,0.006141911488956303,42,4.856433948173363e-05,123,residual_guided_augmentation,repaired_feasible,64,602.0195510063786
Synthetic,seed20000_sample937,luo_linf_de_2022_adaptation,ok,True,True,11,0.0028219426375033084,41,4.6934754293144236e-05,90,residual_guided_augmentation,repaired_feasible,64,2848.1053530122153
Synthetic,seed20000_sample3396,dung_direct_knot_2017_adaptation,ok,True,True,20,0.0004643363496848332,36,4.727581152710069e-05,48,residual_guided_augmentation,repaired_feasible,64,598.8812909927219
Synthetic,seed20000_sample3396,kang_sparse_2015_adaptation,ok,True,False,64,2.8095616659632843e-05,64,2.8095616659632843e-05,0,native,native_feasible,64,431.736461003311
Synthetic,seed20000_sample3396,luo_linf_de_2022_adaptation,ok,True,True,10,0.003976024924896082,41,4.640178597145033e-05,93,residual_guided_augmentation,repaired_feasible,64,2191.1140870070085
Synthetic,seed20000_sample496,dung_direct_knot_2017_adaptation,ok,True,True,21,0.0004623728852401723,35,4.918803772992087e-05,42,residual_guided_augmentation,repaired_feasible,64,632.4087170069106
Synthetic,seed20000_sample496,kang_sparse_2015_adaptation,ok,True,True,1,0.00597695793991018,45,4.8297643911217276e-05,132,residual_guided_augmentation,repaired_feasible,64,610.6030350201763
Synthetic,seed20000_sample496,luo_linf_de_2022_adaptation,ok,True,True,15,0.0033482516752721693,43,4.725312495966692e-05,84,residual_guided_augmentation,repaired_feasible,64,2917.1202709840145
Synthetic,seed20000_sample981,dung_direct_knot_2017_adaptation,ok,True,True,21,0.0005430461050406859,34,4.928578926032057e-05,39,residual_guided_augmentation,repaired_feasible,64,630.4380689980462
Synthetic,seed20000_sample981,kang_sparse_2015_adaptation,ok,True,True,2,0.004271994258132053,47,4.880726020698625e-05,135,residual_guided_augmentation,repaired_feasible,64,625.5869629967492
Synthetic,seed20000_sample981,luo_linf_de_2022_adaptation,ok,True,True,5,0.003855658820164535,46,4.950060222978496e-05,123,residual_guided_augmentation,repaired_feasible,64,2421.333654987393
Synthetic,seed20000_sample3769,dung_direct_knot_2017_adaptation,ok,True,True,22,0.000675546395142564,44,4.769449163043236e-05,66,residual_guided_augmentation,repaired_feasible,64,691.3756009889767
Synthetic,seed20000_sample3769,kang_sparse_2015_adaptation,ok,True,False,64,3.732740276522752e-05,64,3.732740276522752e-05,0,native,native_feasible,64,437.82768299570307
Synthetic,seed20000_sample3769,luo_linf_de_2022_adaptation,ok,True,True,9,0.004047819763645569,48,4.803666227268819e-05,117,residual_guided_augmentation,repaired_feasible,64,2192.768523003906
Synthetic,seed20000_sample1922,dung_direct_knot_2017_adaptation,ok,True,True,22,0.00047616663107014214,42,4.581011594454421e-05,60,residual_guided_augmentation,repaired_feasible,64,646.7613980057649
Synthetic,seed20000_sample1922,kang_sparse_2015_adaptation,ok,True,False,64,3.721418912296757e-05,64,3.721418912296757e-05,0,native,native_feasible,64,435.14262602548115
Synthetic,seed20000_sample1922,luo_linf_de_2022_adaptation,ok,True,True,15,0.0034914154175579256,43,4.891255526727411e-05,84,residual_guided_augmentation,repaired_feasible,64,2434.5753300003707
Synthetic,seed20000_sample1306,dung_direct_knot_2017_adaptation,ok,True,True,23,0.0006471665948231783,43,4.954671083946648e-05,60,residual_guided_augmentation,repaired_feasible,64,700.6418469827622
Synthetic,seed20000_sample1306,kang_sparse_2015_adaptation,ok,True,True,2,0.0054826069641118755,54,4.899680924361133e-05,156,residual_guided_augmentation,repaired_feasible,64,663.7795429851394
Synthetic,seed20000_sample1306,luo_linf_de_2022_adaptation,ok,True,True,8,0.004400248578008757,51,4.899106972805372e-05,129,residual_guided_augmentation,repaired_feasible,64,1988.6672729917336
Synthetic,seed20000_sample2647,dung_direct_knot_2017_adaptation,ok,True,True,22,0.0007476697571324303,38,4.9774235940612e-05,48,residual_guided_augmentation,repaired_feasible,64,681.4782849978656
Synthetic,seed20000_sample2647,kang_sparse_2015_adaptation,ok,True,True,2,0.0045297470960563415,50,4.8937775900940234e-05,144,residual_guided_augmentation,repaired_feasible,64,640.0163089856505
Synthetic,seed20000_sample2647,luo_linf_de_2022_adaptation,ok,True,True,14,0.0032049645843498023,46,4.915360758806419e-05,96,residual_guided_augmentation,repaired_feasible,64,1839.9880140204914
Synthetic,seed20000_sample2880,dung_direct_knot_2017_adaptation,ok,True,True,24,0.0005714805517806594,44,4.8414902185047326e-05,60,residual_guided_augmentation,repaired_feasible,64,747.1155419771094
Synthetic,seed20000_sample2880,kang_sparse_2015_adaptation,ok,True,True,12,0.0044995893645774256,57,4.796192552472656e-05,135,residual_guided_augmentation,repaired_feasible,64,626.919333008118
Synthetic,seed20000_sample2880,luo_linf_de_2022_adaptation,ok,True,True,4,0.00422771367290978,53,4.9585961020759527e-05,147,residual_guided_augmentation,repaired_feasible,64,1551.1682479991578
Synthetic,seed20000_sample1149,dung_direct_knot_2017_adaptation,ok,True,True,23,0.0009075849955034614,44,4.8881942983532204e-05,63,residual_guided_augmentation,repaired_feasible,64,717.3276499961503
Synthetic,seed20000_sample1149,kang_sparse_2015_adaptation,ok,True,True,2,0.005432356535786876,64,5.717154928661728e-05,187,residual_guided_augmentation,budget_exhausted_without_feasible_fit,64,278.23705499758944
Synthetic,seed20000_sample1149,luo_linf_de_2022_adaptation,ok,True,True,1,0.0070698282646074395,63,5.419883568403847e-05,189,residual_guided_augmentation,budget_exhausted_without_feasible_fit,64,741.5921430219896
Synthetic,seed20000_sample650,dung_direct_knot_2017_adaptation,ok,True,True,25,0.0005702406021066278,45,4.8888905617311147e-05,60,residual_guided_augmentation,repaired_feasible,64,735.4116200003773
Synthetic,seed20000_sample650,kang_sparse_2015_adaptation,ok,True,False,61,4.810434324922173e-05,61,4.810434324922173e-05,0,native,native_feasible,64,437.55585499457084
Synthetic,seed20000_sample650,luo_linf_de_2022_adaptation,ok,True,True,2,0.004728087702601366,61,4.78123434015342e-05,177,residual_guided_augmentation,repaired_feasible,64,1641.5659849881195
Synthetic,seed20000_sample2103,dung_direct_knot_2017_adaptation,ok,True,True,25,0.00035669969395639656,47,4.927011344571387e-05,66,residual_guided_augmentation,repaired_feasible,64,765.5630329973064
Synthetic,seed20000_sample2103,kang_sparse_2015_adaptation,ok,True,True,1,0.007372261368565225,64,5.056590601319644e-05,189,residual_guided_augmentation,budget_exhausted_without_feasible_fit,64,266.9716230011545
Synthetic,seed20000_sample2103,luo_linf_de_2022_adaptation,ok,True,True,1,0.008251329295825864,58,4.993317592198766e-05,171,residual_guided_augmentation,repaired_feasible,64,709.2377970111556
UJI,uji2_07539_stroke_00,dung_direct_knot_2017_adaptation,ok,True,True,3,0.00016794935805690696,5,2.8642087745113558e-05,6,residual_guided_augmentation,repaired_feasible,64,79.1017150040716
UJI,uji2_07539_stroke_00,kang_sparse_2015_adaptation,ok,True,False,32,1.5667611595653144e-05,32,1.5667611595653144e-05,0,native,native_feasible,64,1198.1438059883658
UJI,uji2_07539_stroke_00,luo_linf_de_2022_adaptation,ok,True,True,3,6.140966837044755e-05,4,3.493514436676516e-05,3,residual_guided_augmentation,repaired_feasible,64,2858.584867004538
UJI,uji2_08691_stroke_00,dung_direct_knot_2017_adaptation,ok,True,True,4,0.0006259869886449837,8,1.8459814781626988e-05,12,residual_guided_augmentation,repaired_feasible,64,130.1840019878
UJI,uji2_08691_stroke_00,kang_sparse_2015_adaptation,ok,True,False,15,9.535556280350926e-06,15,9.535556280350926e-06,0,native,native_feasible,64,1107.369950012071
UJI,uji2_08691_stroke_00,luo_linf_de_2022_adaptation,ok,True,True,4,0.00035570447075959475,9,2.3253355850515032e-05,15,residual_guided_augmentation,repaired_feasible,64,2809.8942560027353
UJI,uji2_05687_stroke_00,dung_direct_knot_2017_adaptation,ok,True,True,7,0.000576551171801072,11,4.8168423897717455e-05,12,residual_guided_augmentation,repaired_feasible,64,185.6426059966907
UJI,uji2_05687_stroke_00,kang_sparse_2015_adaptation,ok,True,False,13,4.551861035800101e-05,13,4.551861035800101e-05,0,native,native_feasible,64,1125.2540739951655
UJI,uji2_05687_stroke_00,luo_linf_de_2022_adaptation,ok,True,True,2,0.002845294191418348,12,4.661558144085234e-05,30,residual_guided_augmentation,repaired_feasible,64,2703.1274549954105
UJI,uji2_09129_stroke_00,dung_direct_knot_2017_adaptation,ok,True,True,4,0.003002821520845207,9,4.7598809902714766e-05,15,residual_guided_augmentation,repaired_feasible,64,116.62821299978532
UJI,uji2_09129_stroke_00,kang_sparse_2015_adaptation,ok,True,False,22,2.5756457436123247e-05,22,2.5756457436123247e-05,0,native,native_feasible,64,1011.8292919942178
UJI,uji2_09129_stroke_00,luo_linf_de_2022_adaptation,ok,True,True,5,0.0005002797983038455,10,3.355740480686124e-05,15,residual_guided_augmentation,repaired_feasible,64,2703.9026300190017
UJI,uji2_02841_stroke_01,dung_direct_knot_2017_adaptation,ok,True,False,3,2.1114262825344873e-05,3,2.1114262825344873e-05,0,native,native_feasible,64,68.71630900423042
UJI,uji2_02841_stroke_01,kang_sparse_2015_adaptation,ok,True,False,62,8.754317085247606e-08,62,8.754317085247606e-08,0,native,native_feasible,64,960.3855690220371
UJI,uji2_02841_stroke_01,luo_linf_de_2022_adaptation,ok,True,False,6,1.0770793308675968e-05,6,1.0770793308675968e-05,0,native,native_feasible,64,3051.005019020522
UJI,uji2_05191_stroke_01,dung_direct_knot_2017_adaptation,ok,True,False,3,2.0522469492194204e-05,3,2.0522469492194204e-05,0,native,native_feasible,64,67.45295698055997
UJI,uji2_05191_stroke_01,kang_sparse_2015_adaptation,ok,True,False,62,2.406548973133985e-08,62,2.406548973133985e-08,0,native,native_feasible,64,956.918969983235
UJI,uji2_05191_stroke_01,luo_linf_de_2022_adaptation,ok,True,False,5,9.452173824490426e-06,5,9.452173824490426e-06,0,native,native_feasible,64,3115.3494759928435
UJI,uji2_10314_stroke_01,dung_direct_knot_2017_adaptation,ok,True,True,3,0.00047421173832816227,6,4.426278971795736e-05,9,residual_guided_augmentation,repaired_feasible,64,67.32532702153549
UJI,uji2_10314_stroke_01,kang_sparse_2015_adaptation,ok,True,False,8,4.2351055420928e-05,8,4.2351055420928e-05,0,native,native_feasible,64,1294.7818240209017
UJI,uji2_10314_stroke_01,luo_linf_de_2022_adaptation,ok,True,True,2,0.001175624178199916,6,4.8681677258563294e-05,12,residual_guided_augmentation,repaired_feasible,64,2816.926022991538
UJI,uji2_02399_stroke_00,dung_direct_knot_2017_adaptation,ok,True,True,2,0.00011754188406408766,3,3.190777354426213e-05,3,residual_guided_augmentation,repaired_feasible,64,60.686608019750565
UJI,uji2_02399_stroke_00,kang_sparse_2015_adaptation,ok,True,False,62,1.4801463214414458e-07,62,1.4801463214414458e-07,0,native,native_feasible,64,959.8305610124953
UJI,uji2_02399_stroke_00,luo_linf_de_2022_adaptation,ok,True,False,3,2.217076062169844e-05,3,2.217076062169844e-05,0,native,native_feasible,64,2925.286944984691
UJI,uji2_07973_stroke_00,dung_direct_knot_2017_adaptation,ok,True,True,3,0.0005191426521834165,9,3.644415314722496e-05,18,residual_guided_augmentation,repaired_feasible,64,96.5727959992364
UJI,uji2_07973_stroke_00,kang_sparse_2015_adaptation,ok,True,False,42,1.2020309674064302e-05,42,1.2020309674064302e-05,0,native,native_feasible,64,1253.1737979734316
UJI,uji2_07973_stroke_00,luo_linf_de_2022_adaptation,ok,True,True,1,0.003968898322417573,9,2.3668278505460943e-05,24,residual_guided_augmentation,repaired_feasible,64,2850.916330004111
UJI,uji2_02662_stroke_01,dung_direct_knot_2017_adaptation,ok,True,False,1,1.9325447389977172e-05,1,1.9325447389977172e-05,0,native,native_feasible,64,19.810340978438035
UJI,uji2_02662_stroke_01,kang_sparse_2015_adaptation,ok,True,False,0,4.8463634853681e-05,0,4.8463634853681e-05,0,native,native_feasible,64,4.6583770017605275
UJI,uji2_02662_stroke_01,luo_linf_de_2022_adaptation,ok,True,False,2,5.8547725228165485e-06,2,5.8547725228165485e-06,0,native,native_feasible,64,3039.185533998534
UJI,uji2_02219_stroke_00,dung_direct_knot_2017_adaptation,ok,True,True,7,0.0014522860303417158,15,3.3032871793423115e-05,24,residual_guided_augmentation,repaired_feasible,64,203.9915969944559
UJI,uji2_02219_stroke_00,kang_sparse_2015_adaptation,ok,True,False,52,5.239518610605736e-06,52,5.239518610605736e-06,0,native,native_feasible,64,826.0586319956928
UJI,uji2_02219_stroke_00,luo_linf_de_2022_adaptation,ok,True,True,5,0.003919026761050675,17,3.5649491471302075e-05,36,residual_guided_augmentation,repaired_feasible,64,3047.8586799872573
UJI,uji2_09722_stroke_00,dung_direct_knot_2017_adaptation,ok,True,True,4,0.0009285774523020165,7,3.2853036991399695e-05,9,residual_guided_augmentation,repaired_feasible,64,116.58240802353248
UJI,uji2_09722_stroke_00,kang_sparse_2015_adaptation,ok,True,False,9,3.908943071437976e-05,9,3.908943071437976e-05,0,native,native_feasible,64,1259.6677049878053
UJI,uji2_09722_stroke_00,luo_linf_de_2022_adaptation,ok,True,True,5,0.0002580579721479857,9,2.1767485631240093e-05,12,residual_guided_augmentation,repaired_feasible,64,2912.8190920164343
UJI,uji2_03341_stroke_00,dung_direct_knot_2017_adaptation,ok,True,True,6,0.00137198547332706,13,2.4471859232361358e-05,21,residual_guided_augmentation,repaired_feasible,64,170.17339501762763
UJI,uji2_03341_stroke_00,kang_sparse_2015_adaptation,ok,True,False,39,1.6910702950413812e-05,39,1.6910702950413812e-05,0,native,native_feasible,64,917.8545080067124
UJI,uji2_03341_stroke_00,luo_linf_de_2022_adaptation,ok,True,True,2,0.016108651396501514,16,4.947486671719728e-05,42,residual_guided_augmentation,repaired_feasible,64,3136.0709569999017
UJI,uji2_11617_stroke_00,dung_direct_knot_2017_adaptation,ok,True,True,2,0.0003914765531938748,4,2.2263960825060048e-05,6,residual_guided_augmentation,repaired_feasible,64,48.0277489987202
UJI,uji2_11617_stroke_00,kang_sparse_2015_adaptation,ok,True,False,37,1.331684368729195e-05,37,1.331684368729195e-05,0,native,native_feasible,64,1205.847980978433
UJI,uji2_11617_stroke_00,luo_linf_de_2022_adaptation,ok,True,False,4,8.317617332252786e-06,4,8.317617332252786e-06,0,native,native_feasible,64,2869.0425349923316
UJI,uji2_06383_stroke_00,dung_direct_knot_2017_adaptation,ok,True,True,3,0.00020335878494791675,5,2.7758367562320374e-05,6,residual_guided_augmentation,repaired_feasible,64,96.47971097729169
UJI,uji2_06383_stroke_00,kang_sparse_2015_adaptation,ok,True,True,4,5.108948777676217e-05,5,3.810250790930599e-05,3,residual_guided_augmentation,repaired_feasible,64,1258.1941749958787
UJI,uji2_06383_stroke_00,luo_linf_de_2022_adaptation,ok,True,False,4,4.517849841507941e-05,4,4.517849841507941e-05,0,native,native_feasible,64,2922.6492430025246
UJI,uji2_10965_stroke_00,dung_direct_knot_2017_adaptation,ok,True,True,5,0.00037879948409003317,7,4.6635155132330914e-05,6,residual_guided_augmentation,repaired_feasible,64,101.33849599515088
UJI,uji2_10965_stroke_00,kang_sparse_2015_adaptation,ok,True,False,8,2.6983457885139783e-05,8,2.6983457885139783e-05,0,native,native_feasible,64,1294.8220299731474
UJI,uji2_10965_stroke_00,luo_linf_de_2022_adaptation,ok,True,False,11,6.602113665716805e-06,11,6.602113665716805e-06,0,native,native_feasible,64,2939.9576939758845
UJI,uji2_03067_stroke_00,dung_direct_knot_2017_adaptation,ok,True,True,3,0.0002299505285122688,7,1.6243398654643046e-05,12,residual_guided_augmentation,repaired_feasible,64,81.9588229933288
UJI,uji2_03067_stroke_00,kang_sparse_2015_adaptation,ok,True,False,8,2.3250842265360056e-05,8,2.3250842265360056e-05,0,native,native_feasible,64,1239.6493510168511
UJI,uji2_03067_stroke_00,luo_linf_de_2022_adaptation,ok,True,False,6,2.9904081839695414e-05,6,2.9904081839695414e-05,0,native,native_feasible,64,2915.261329006171
UJI,uji2_06861_stroke_00,dung_direct_knot_2017_adaptation,ok,True,True,2,0.00028674046275499546,4,1.6579298711334004e-05,6,residual_guided_augmentation,repaired_feasible,64,50.14392998418771
UJI,uji2_06861_stroke_00,kang_sparse_2015_adaptation,ok,True,False,62,8.325251566905886e-08,62,8.325251566905886e-08,0,native,native_feasible,64,962.107784987893
UJI,uji2_06861_stroke_00,luo_linf_de_2022_adaptation,ok,True,False,6,4.902325528375573e-06,6,4.902325528375573e-06,0,native,native_feasible,64,3028.7520380225033
UJI,uji2_03949_stroke_01,dung_direct_knot_2017_adaptation,ok,True,True,5,0.0019550252880206533,12,4.456231055044719e-05,21,residual_guided_augmentation,repaired_feasible,64,112.04496398568153
UJI,uji2_03949_stroke_01,kang_sparse_2015_adaptation,ok,True,False,34,2.8630976821557674e-05,34,2.8630976821557674e-05,0,native,native_feasible,64,1005.573277012445
UJI,uji2_03949_stroke_01,luo_linf_de_2022_adaptation,ok,True,True,3,0.00272947621664911,13,4.983411934162104e-05,30,residual_guided_augmentation,repaired_feasible,64,2756.1291989986785
UJI,uji2_04638_stroke_02,dung_direct_knot_2017_adaptation,ok,True,True,9,0.000262216616759903,18,4.0079090227087365e-05,27,residual_guided_augmentation,repaired_feasible,64,289.4392680027522
UJI,uji2_04638_stroke_02,kang_sparse_2015_adaptation,ok,True,False,18,3.750057775583227e-05,18,3.750057775583227e-05,0,native,native_feasible,64,1151.6459549893625
UJI,uji2_04638_stroke_02,luo_linf_de_2022_adaptation,ok,True,False,20,3.3777223584856696e-05,20,3.3777223584856696e-05,0,native,native_feasible,64,3164.073404012015
NaturalEarth,natural_earth_10m_coastline_625e1d04cc46_w000_625e1d04,dung_direct_knot_2017_adaptation,ok,True,True,9,0.00061025596555154,19,4.774915230101663e-05,30,residual_guided_augmentation,repaired_feasible,64,275.47088600113057
NaturalEarth,natural_earth_10m_coastline_625e1d04cc46_w000_625e1d04,kang_sparse_2015_adaptation,ok,True,False,49,9.003120429280509e-06,49,9.003120429280509e-06,0,native,native_feasible,64,823.6768440110609
NaturalEarth,natural_earth_10m_coastline_625e1d04cc46_w000_625e1d04,luo_linf_de_2022_adaptation,ok,True,True,10,0.00034397972160634093,21,4.775776163780103e-05,33,residual_guided_augmentation,repaired_feasible,64,3086.5971359889954
NaturalEarth,natural_earth_10m_coastline_fc0054f439fb_w000_fc0054f4,dung_direct_knot_2017_adaptation,ok,True,True,8,0.0007857325753857082,13,3.560716387588729e-05,15,residual_guided_augmentation,repaired_feasible,64,249.73546600085683
NaturalEarth,natural_earth_10m_coastline_fc0054f439fb_w000_fc0054f4,kang_sparse_2015_adaptation,ok,True,False,35,1.084793777394733e-05,35,1.084793777394733e-05,0,native,native_feasible,64,915.791941981297
NaturalEarth,natural_earth_10m_coastline_fc0054f439fb_w000_fc0054f4,luo_linf_de_2022_adaptation,ok,True,True,3,0.005481035647022868,13,4.8689883415741744e-05,30,residual_guided_augmentation,repaired_feasible,64,3124.21531000291
NaturalEarth,natural_earth_10m_coastline_9689932c41e1_w000_9689932c,dung_direct_knot_2017_adaptation,ok,True,True,7,0.0003225069883527989,12,4.866352124740614e-05,15,residual_guided_augmentation,repaired_feasible,64,178.03158398601227
NaturalEarth,natural_earth_10m_coastline_9689932c41e1_w000_9689932c,kang_sparse_2015_adaptation,ok,True,False,25,1.1517093116994638e-05,25,1.1517093116994638e-05,0,native,native_feasible,64,963.322261988651
NaturalEarth,natural_earth_10m_coastline_9689932c41e1_w000_9689932c,luo_linf_de_2022_adaptation,ok,True,True,6,0.00046368812744249885,11,4.196957604030139e-05,15,residual_guided_augmentation,repaired_feasible,64,2923.0869169987272
NaturalEarth,natural_earth_10m_coastline_e860de78f1fa_w000_e860de78,dung_direct_knot_2017_adaptation,ok,True,True,6,0.0005017116137022742,11,2.973999702550954e-05,15,residual_guided_augmentation,repaired_feasible,64,174.44680599146523
NaturalEarth,natural_earth_10m_coastline_e860de78f1fa_w000_e860de78,kang_sparse_2015_adaptation,ok,True,False,14,2.3668359200927975e-05,14,2.3668359200927975e-05,0,native,native_feasible,64,1177.08880698774
NaturalEarth,natural_earth_10m_coastline_e860de78f1fa_w000_e860de78,luo_linf_de_2022_adaptation,ok,True,True,6,8.81011182235774e-05,10,3.283928549880912e-05,12,residual_guided_augmentation,repaired_feasible,64,2876.2051820231136
NaturalEarth,natural_earth_10m_coastline_9d44eb568484_w000_9d44eb56,dung_direct_knot_2017_adaptation,ok,True,True,7,0.0009269245103683144,12,4.964735442791559e-05,15,residual_guided_augmentation,repaired_feasible,64,174.05965601210482
NaturalEarth,natural_earth_10m_coastline_9d44eb568484_w000_9d44eb56,kang_sparse_2015_adaptation,ok,True,False,27,1.718674849632976e-05,27,1.718674849632976e-05,0,native,native_feasible,64,924.687457998516
NaturalEarth,natural_earth_10m_coastline_9d44eb568484_w000_9d44eb56,luo_linf_de_2022_adaptation,ok,True,True,5,0.0013691324470489347,14,3.131609767826918e-05,27,residual_guided_augmentation,repaired_feasible,64,2878.514802985592
NaturalEarth,natural_earth_10m_coastline_f00df2e1331e_w000_f00df2e1,dung_direct_knot_2017_adaptation,ok,True,True,10,0.0017245475058110993,23,4.917335253709799e-05,39,residual_guided_augmentation,repaired_feasible,64,299.29906598408706
NaturalEarth,natural_earth_10m_coastline_f00df2e1331e_w000_f00df2e1,kang_sparse_2015_adaptation,ok,True,False,64,1.1668484459258367e-05,64,1.1668484459258367e-05,0,native,native_feasible,64,441.16066899732687
NaturalEarth,natural_earth_10m_coastline_f00df2e1331e_w000_f00df2e1,luo_linf_de_2022_adaptation,ok,True,True,5,0.005278925052377745,24,4.434488287665957e-05,57,residual_guided_augmentation,repaired_feasible,64,2821.5866909886245
NaturalEarth,natural_earth_10m_coastline_556f5c329f0f_w000_556f5c32,dung_direct_knot_2017_adaptation,ok,True,True,28,0.0002923507218861101,55,4.9464907223713104e-05,81,residual_guided_augmentation,repaired_feasible,64,820.0977469969075
NaturalEarth,natural_earth_10m_coastline_556f5c329f0f_w000_556f5c32,kang_sparse_2015_adaptation,ok,True,True,64,5.721551824949188e-05,64,5.721551824949188e-05,1,native_after_failed_safeguard,budget_exhausted_without_feasible_fit,64,30.045928986510262
NaturalEarth,natural_earth_10m_coastline_556f5c329f0f_w000_556f5c32,luo_linf_de_2022_adaptation,ok,True,True,6,0.004772696062867127,64,5.075670328431108e-05,175,residual_guided_augmentation,budget_exhausted_without_feasible_fit,64,868.3927509991918
NaturalEarth,natural_earth_10m_coastline_728b0ed8c15a_w000_de37144e,dung_direct_knot_2017_adaptation,ok,True,True,13,0.00012318892356654967,22,4.6237397782097996e-05,27,residual_guided_augmentation,repaired_feasible,64,347.13026697863825
NaturalEarth,natural_earth_10m_coastline_728b0ed8c15a_w000_de37144e,kang_sparse_2015_adaptation,ok,True,False,49,1.8309340842842998e-05,49,1.8309340842842998e-05,0,native,native_feasible,64,825.0482819858007
NaturalEarth,natural_earth_10m_coastline_728b0ed8c15a_w000_de37144e,luo_linf_de_2022_adaptation,ok,True,True,7,0.000284418217286823,23,4.969396521868068e-05,48,residual_guided_augmentation,repaired_feasible,64,2787.5007829861715
NaturalEarth,natural_earth_10m_coastline_89e3d1a22eea_w000_89e3d1a2,dung_direct_knot_2017_adaptation,ok,True,True,9,0.0005125329326519105,15,4.678046978911317e-05,18,residual_guided_augmentation,repaired_feasible,64,257.56423801067285
NaturalEarth,natural_earth_10m_coastline_89e3d1a22eea_w000_89e3d1a2,kang_sparse_2015_adaptation,ok,True,True,16,5.605800102141781e-05,17,3.994623370649024e-05,3,residual_guided_augmentation,repaired_feasible,64,1155.0658250052948
NaturalEarth,natural_earth_10m_coastline_89e3d1a22eea_w000_89e3d1a2,luo_linf_de_2022_adaptation,ok,True,True,14,7.463000828724697e-05,18,4.7560169222938686e-05,12,residual_guided_augmentation,repaired_feasible,64,3102.662107994547
NaturalEarth,natural_earth_10m_coastline_461fdd148407_w000_461fdd14,dung_direct_knot_2017_adaptation,ok,True,True,10,0.000387559928316414,17,4.537851765345873e-05,21,residual_guided_augmentation,repaired_feasible,64,271.5946440002881
NaturalEarth,natural_earth_10m_coastline_461fdd148407_w000_461fdd14,kang_sparse_2015_adaptation,ok,True,False,42,1.2334582831944805e-05,42,1.2334582831944805e-05,0,native,native_feasible,64,876.4629529905505
NaturalEarth,natural_earth_10m_coastline_461fdd148407_w000_461fdd14,luo_linf_de_2022_adaptation,ok,True,True,3,0.009138819467745892,18,4.808719465958292e-05,45,residual_guided_augmentation,repaired_feasible,64,2917.2510329808574
NaturalEarth,natural_earth_10m_coastline_d78a18ec5a9e_w000_d78a18ec,dung_direct_knot_2017_adaptation,ok,True,True,9,0.0002098478479459634,14,3.971053714520225e-05,15,residual_guided_augmentation,repaired_feasible,64,250.32519799424335
NaturalEarth,natural_earth_10m_coastline_d78a18ec5a9e_w000_d78a18ec,kang_sparse_2015_adaptation,ok,True,False,14,4.762701328414986e-05,14,4.762701328414986e-05,0,native,native_feasible,64,1140.5829380091745
NaturalEarth,natural_earth_10m_coastline_d78a18ec5a9e_w000_d78a18ec,luo_linf_de_2022_adaptation,ok,True,False,14,3.3917709221659964e-05,14,3.3917709221659964e-05,0,native,native_feasible,64,3003.510030976031
NaturalEarth,natural_earth_10m_coastline_345ef8543edb_w000_345ef854,dung_direct_knot_2017_adaptation,ok,True,True,8,0.0003061885617648261,12,4.645327707939831e-05,12,residual_guided_augmentation,repaired_feasible,64,234.2722149915062
NaturalEarth,natural_earth_10m_coastline_345ef8543edb_w000_345ef854,kang_sparse_2015_adaptation,ok,True,False,23,9.996591869245635e-06,23,9.996591869245635e-06,0,native,native_feasible,64,971.5531890105922
NaturalEarth,natural_earth_10m_coastline_345ef8543edb_w000_345ef854,luo_linf_de_2022_adaptation,ok,True,True,6,0.00026432159055169243,14,4.207930115440809e-05,24,residual_guided_augmentation,repaired_feasible,64,2929.704081005184
NaturalEarth,natural_earth_10m_coastline_0492a6ef404e_w000_0492a6ef,dung_direct_knot_2017_adaptation,ok,True,True,35,0.0011182859506600326,64,0.00014685789140192574,88,residual_guided_augmentation,budget_exhausted_without_feasible_fit,64,999.4720100075938
NaturalEarth,natural_earth_10m_coastline_0492a6ef404e_w000_0492a6ef,kang_sparse_2015_adaptation,ok,True,True,64,0.00031729534031064684,64,0.00031729534031064684,1,native_after_failed_safeguard,budget_exhausted_without_feasible_fit,64,30.58645999408327
NaturalEarth,natural_earth_10m_coastline_0492a6ef404e_w000_0492a6ef,luo_linf_de_2022_adaptation,ok,True,True,11,0.0068402262808710005,64,0.00027806363535162114,160,residual_guided_augmentation,budget_exhausted_without_feasible_fit,64,961.5475870086811
NaturalEarth,natural_earth_10m_coastline_4afd28bfd483_w000_4afd28bf,dung_direct_knot_2017_adaptation,ok,True,True,26,0.0005325504864297641,57,4.77884868754581e-05,93,residual_guided_augmentation,repaired_feasible,64,786.67795000365
NaturalEarth,natural_earth_10m_coastline_4afd28bfd483_w000_4afd28bf,kang_sparse_2015_adaptation,ok,True,True,64,7.809549536714863e-05,64,7.809549536714863e-05,1,native_after_failed_safeguard,budget_exhausted_without_feasible_fit,64,30.045266001252457
NaturalEarth,natural_earth_10m_coastline_4afd28bfd483_w000_4afd28bf,luo_linf_de_2022_adaptation,ok,True,True,5,0.006270195765107324,64,7.809549536714863e-05,178,uniform_capacity_fallback,budget_exhausted_without_feasible_fit,64,844.1930339904502
NaturalEarth,natural_earth_10m_coastline_b459c0ddb5d3_w000_b459c0dd,dung_direct_knot_2017_adaptation,ok,True,True,10,0.00038706229154282707,17,4.5507064056788875e-05,21,residual_guided_augmentation,repaired_feasible,64,296.93720999057405
NaturalEarth,natural_earth_10m_coastline_b459c0ddb5d3_w000_b459c0dd,kang_sparse_2015_adaptation,ok,True,False,15,4.873786014976777e-05,15,4.873786014976777e-05,0,native,native_feasible,64,1173.1092930131126
NaturalEarth,natural_earth_10m_coastline_b459c0ddb5d3_w000_b459c0dd,luo_linf_de_2022_adaptation,ok,True,True,7,0.0003753150243773185,15,4.746197838926257e-05,24,residual_guided_augmentation,repaired_feasible,64,2954.1581319936085
NaturalEarth,natural_earth_10m_coastline_933eab98f709_w000_933eab98,dung_direct_knot_2017_adaptation,ok,True,True,8,0.0006061962275190686,13,4.856603533606184e-05,15,residual_guided_augmentation,repaired_feasible,64,224.1161519777961
NaturalEarth,natural_earth_10m_coastline_933eab98f709_w000_933eab98,kang_sparse_2015_adaptation,ok,True,False,13,3.663901950911018e-05,13,3.663901950911018e-05,0,native,native_feasible,64,1172.6989220187534
NaturalEarth,natural_earth_10m_coastline_933eab98f709_w000_933eab98,luo_linf_de_2022_adaptation,ok,True,True,7,0.00017782178477228046,13,4.8387625594075596e-05,18,residual_guided_augmentation,repaired_feasible,64,2851.972086005844
NaturalEarth,natural_earth_10m_coastline_d70e572292c0_w000_d70e5722,dung_direct_knot_2017_adaptation,ok,True,True,9,0.0006349243165003991,17,4.822614153565506e-05,24,residual_guided_augmentation,repaired_feasible,64,238.27026100479998
NaturalEarth,natural_earth_10m_coastline_d70e572292c0_w000_d70e5722,kang_sparse_2015_adaptation,ok,True,False,45,2.0217411203629045e-05,45,2.0217411203629045e-05,0,native,native_feasible,64,883.2447419990785
NaturalEarth,natural_earth_10m_coastline_d70e572292c0_w000_d70e5722,luo_linf_de_2022_adaptation,ok,True,True,6,0.0015206075081796429,20,4.960433782115496e-05,42,residual_guided_augmentation,repaired_feasible,64,3061.2129050132353
NaturalEarth,natural_earth_10m_coastline_fb9c133936ee_w000_fb9c1339,dung_direct_knot_2017_adaptation,ok,True,True,16,0.00020257185406935413,27,4.168209572501711e-05,33,residual_guided_augmentation,repaired_feasible,64,454.5124240103178
NaturalEarth,natural_earth_10m_coastline_fb9c133936ee_w000_fb9c1339,kang_sparse_2015_adaptation,ok,True,False,64,1.29872007717268e-05,64,1.29872007717268e-05,0,native,native_feasible,64,444.7865969850682
NaturalEarth,natural_earth_10m_coastline_fb9c133936ee_w000_fb9c1339,luo_linf_de_2022_adaptation,ok,True,True,5,0.0005892809970171375,30,4.971841966324041e-05,75,residual_guided_augmentation,repaired_feasible,64,2681.096471991623
NaturalEarth,natural_earth_10m_coastline_d37b2a27a2ea_w000_d37b2a27,dung_direct_knot_2017_adaptation,ok,True,True,8,0.00011519520955240909,10,3.3443583696749265e-05,6,residual_guided_augmentation,repaired_feasible,64,167.74689499288797
NaturalEarth,natural_earth_10m_coastline_d37b2a27a2ea_w000_d37b2a27,kang_sparse_2015_adaptation,ok,True,False,11,4.5110100322304995e-05,11,4.5110100322304995e-05,0,native,native_feasible,64,1152.721605001716
NaturalEarth,natural_earth_10m_coastline_d37b2a27a2ea_w000_d37b2a27,luo_linf_de_2022_adaptation,ok,True,True,5,0.00022089164194849658,10,3.685778802654493e-05,15,residual_guided_augmentation,repaired_feasible,64,2851.0928760224488
NaturalEarth,natural_earth_10m_coastline_27c5a5273c6d_w000_27c5a527,dung_direct_knot_2017_adaptation,ok,True,True,11,0.00031978089560680804,18,4.032211717224739e-05,21,residual_guided_augmentation,repaired_feasible,64,306.2757099978626
NaturalEarth,natural_earth_10m_coastline_27c5a5273c6d_w000_27c5a527,kang_sparse_2015_adaptation,ok,True,False,37,2.0796714073431822e-05,37,2.0796714073431822e-05,0,native,native_feasible,64,934.7809149767272
NaturalEarth,natural_earth_10m_coastline_27c5a5273c6d_w000_27c5a527,luo_linf_de_2022_adaptation,ok,True,True,6,0.0012722677177291293,18,4.938254309772967e-05,36,residual_guided_augmentation,repaired_feasible,64,2857.2460069844965
USGS,usgs_tnm_contours_large_scale_5e1190c07064_w000_5e1190c0,dung_direct_knot_2017_adaptation,ok,True,True,14,0.00035824631060396507,27,4.188576918973201e-05,39,residual_guided_augmentation,repaired_feasible,64,402.4686790071428
USGS,usgs_tnm_contours_large_scale_5e1190c07064_w000_5e1190c0,kang_sparse_2015_adaptation,ok,True,False,64,8.784766374286065e-06,64,8.784766374286065e-06,0,native,native_feasible,64,449.82298600370996
USGS,usgs_tnm_contours_large_scale_5e1190c07064_w000_5e1190c0,luo_linf_de_2022_adaptation,ok,True,True,11,0.0004363101517368621,32,4.658673755580263e-05,63,residual_guided_augmentation,repaired_feasible,64,2953.1244249956217
USGS,usgs_tnm_contours_large_scale_73f76a177c8e_w000_73f76a17,dung_direct_knot_2017_adaptation,ok,True,True,20,0.0002773949871110183,38,4.742436185171188e-05,54,residual_guided_augmentation,repaired_feasible,64,546.9054759887513
USGS,usgs_tnm_contours_large_scale_73f76a177c8e_w000_73f76a17,kang_sparse_2015_adaptation,ok,True,False,64,2.4653984964582903e-05,64,2.4653984964582903e-05,0,native,native_feasible,64,447.64965801732615
USGS,usgs_tnm_contours_large_scale_73f76a177c8e_w000_73f76a17,luo_linf_de_2022_adaptation,ok,True,True,7,0.0010335555397275188,38,4.46476013049791e-05,93,residual_guided_augmentation,repaired_feasible,64,2509.38881401089
USGS,usgs_tnm_contours_large_scale_9b1b39144146_w000_9b1b3914,dung_direct_knot_2017_adaptation,ok,True,True,7,0.00040800290101089006,11,4.246907130450322e-05,12,residual_guided_augmentation,repaired_feasible,64,177.79543102369644
USGS,usgs_tnm_contours_large_scale_9b1b39144146_w000_9b1b3914,kang_sparse_2015_adaptation,ok,True,False,10,4.375352087455042e-05,10,4.375352087455042e-05,0,native,native_feasible,64,1188.7767890002578
USGS,usgs_tnm_contours_large_scale_9b1b39144146_w000_9b1b3914,luo_linf_de_2022_adaptation,ok,True,True,6,0.0002684594454646487,13,4.570873039118938e-05,21,residual_guided_augmentation,repaired_feasible,64,2977.183345996309
USGS,usgs_tnm_contours_large_scale_3b46bf5b4fe5_w000_3b46bf5b,dung_direct_knot_2017_adaptation,ok,True,False,9,2.8411419564203577e-05,9,2.8411419564203577e-05,0,native,native_feasible,64,178.2431860046927
USGS,usgs_tnm_contours_large_scale_3b46bf5b4fe5_w000_3b46bf5b,kang_sparse_2015_adaptation,ok,True,False,12,2.9190910074445247e-05,12,2.9190910074445247e-05,0,native,native_feasible,64,1365.5106369988061
USGS,usgs_tnm_contours_large_scale_3b46bf5b4fe5_w000_3b46bf5b,luo_linf_de_2022_adaptation,ok,True,False,9,3.61178856780015e-05,9,3.61178856780015e-05,0,native,native_feasible,64,2918.8538739981595
USGS,usgs_tnm_contours_large_scale_227a63ff8969_w001_b391c2df,dung_direct_knot_2017_adaptation,ok,True,True,21,0.0003525921554515602,42,4.239262724850516e-05,63,residual_guided_augmentation,repaired_feasible,64,654.6557510155253
USGS,usgs_tnm_contours_large_scale_227a63ff8969_w001_b391c2df,kang_sparse_2015_adaptation,ok,True,False,64,2.5216221410938656e-05,64,2.5216221410938656e-05,0,native,native_feasible,64,441.397576010786
USGS,usgs_tnm_contours_large_scale_227a63ff8969_w001_b391c2df,luo_linf_de_2022_adaptation,ok,True,True,6,0.001544650226930247,42,4.872673061707755e-05,108,residual_guided_augmentation,repaired_feasible,64,2171.3988610135857
USGS,usgs_tnm_contours_large_scale_f1b5188eb877_w000_f1b5188e,dung_direct_knot_2017_adaptation,ok,True,True,26,0.0003504321831286423,50,4.9743197462191815e-05,72,residual_guided_augmentation,repaired_feasible,64,817.1091769763734
USGS,usgs_tnm_contours_large_scale_f1b5188eb877_w000_f1b5188e,kang_sparse_2015_adaptation,ok,True,False,64,4.476160016269304e-05,64,4.476160016269304e-05,0,native,native_feasible,64,439.3541280005593
USGS,usgs_tnm_contours_large_scale_f1b5188eb877_w000_f1b5188e,luo_linf_de_2022_adaptation,ok,True,True,8,0.0014239549435142006,55,4.9397550370423804e-05,141,residual_guided_augmentation,repaired_feasible,64,1536.007534014061
USGS,usgs_tnm_contours_large_scale_d04688485103_w000_d0468848,dung_direct_knot_2017_adaptation,ok,True,True,22,0.000253423352033165,39,4.9385353898540826e-05,51,residual_guided_augmentation,repaired_feasible,64,666.4109390112571
USGS,usgs_tnm_contours_large_scale_d04688485103_w000_d0468848,kang_sparse_2015_adaptation,ok,True,False,64,3.191213182684033e-05,64,3.191213182684033e-05,0,native,native_feasible,64,441.0860869975295
USGS,usgs_tnm_contours_large_scale_d04688485103_w000_d0468848,luo_linf_de_2022_adaptation,ok,True,True,8,0.0014532544184915526,44,4.807199685571592e-05,108,residual_guided_augmentation,repaired_feasible,64,1803.2278970058542
USGS,usgs_tnm_contours_large_scale_320c043cef50_w000_320c043c,dung_direct_knot_2017_adaptation,ok,True,True,2,6.563194864750123e-05,3,2.354787418362261e-05,3,residual_guided_augmentation,repaired_feasible,64,45.210892014438286
USGS,usgs_tnm_contours_large_scale_320c043cef50_w000_320c043c,kang_sparse_2015_adaptation,ok,True,False,62,1.730841314781041e-08,62,1.730841314781041e-08,0,native,native_feasible,64,970.5811750027351
USGS,usgs_tnm_contours_large_scale_320c043cef50_w000_320c043c,luo_linf_de_2022_adaptation,ok,True,False,13,8.034807444353361e-07,13,8.034807444353361e-07,0,native,native_feasible,64,3298.4347399906255
USGS,usgs_tnm_contours_large_scale_51d72a531676_w000_51d72a53,dung_direct_knot_2017_adaptation,ok,True,True,34,0.00029824147071250156,64,5.7401797401496146e-05,91,residual_guided_augmentation,budget_exhausted_without_feasible_fit,64,1010.0002289982513
USGS,usgs_tnm_contours_large_scale_51d72a531676_w000_51d72a53,kang_sparse_2015_adaptation,ok,True,True,64,9.729208381990203e-05,64,9.729208381990203e-05,1,native_after_failed_safeguard,budget_exhausted_without_feasible_fit,64,30.216186976758763
USGS,usgs_tnm_contours_large_scale_51d72a531676_w000_51d72a53,luo_linf_de_2022_adaptation,ok,True,True,6,0.003449790029103524,64,9.257686130460721e-05,175,residual_guided_augmentation,budget_exhausted_without_feasible_fit,64,867.5144680019002
USGS,usgs_tnm_contours_large_scale_db64a638d518_w000_db64a638,dung_direct_knot_2017_adaptation,ok,True,True,7,0.002500625158666455,16,4.431571018641864e-05,27,residual_guided_augmentation,repaired_feasible,64,184.98530599754304
USGS,usgs_tnm_contours_large_scale_db64a638d518_w000_db64a638,kang_sparse_2015_adaptation,ok,True,False,26,1.9592605597798706e-05,26,1.9592605597798706e-05,0,native,native_feasible,64,1018.6968570051249
USGS,usgs_tnm_contours_large_scale_db64a638d518_w000_db64a638,luo_linf_de_2022_adaptation,ok,True,True,7,0.0003058246479977756,15,3.2625569340353956e-05,24,residual_guided_augmentation,repaired_feasible,64,2946.4270480093546
USGS,usgs_tnm_contours_large_scale_be34ae13ca44_w000_be34ae13,dung_direct_knot_2017_adaptation,ok,True,True,8,0.0009202155136819401,13,4.548164341772867e-05,15,residual_guided_augmentation,repaired_feasible,64,238.2041460077744
USGS,usgs_tnm_contours_large_scale_be34ae13ca44_w000_be34ae13,kang_sparse_2015_adaptation,ok,True,False,28,9.996557842583455e-06,28,9.996557842583455e-06,0,native,native_feasible,64,968.9379280025605
USGS,usgs_tnm_contours_large_scale_be34ae13ca44_w000_be34ae13,luo_linf_de_2022_adaptation,ok,True,True,11,0.00011393526789425956,17,3.536895344527352e-05,18,residual_guided_augmentation,repaired_feasible,64,3054.906053992454
USGS,usgs_tnm_contours_large_scale_ee9c42f92d53_w000_ee9c42f9,dung_direct_knot_2017_adaptation,ok,True,True,27,0.00028390367798817,48,4.89930203077443e-05,63,residual_guided_augmentation,repaired_feasible,64,812.961620016722
USGS,usgs_tnm_contours_large_scale_ee9c42f92d53_w000_ee9c42f9,kang_sparse_2015_adaptation,ok,True,False,64,4.301777468621561e-05,64,4.301777468621561e-05,0,native,native_feasible,64,443.97226098226383
USGS,usgs_tnm_contours_large_scale_ee9c42f92d53_w000_ee9c42f9,luo_linf_de_2022_adaptation,ok,True,True,10,0.002196446680058271,53,4.7858783352968994e-05,129,residual_guided_augmentation,repaired_feasible,64,1709.0978330234066
USGS,usgs_tnm_contours_large_scale_b1ec14b77227_w000_b1ec14b7,dung_direct_knot_2017_adaptation,ok,True,True,8,0.0003958364922203495,14,4.621306735009493e-05,18,residual_guided_augmentation,repaired_feasible,64,210.11312599875964
USGS,usgs_tnm_contours_large_scale_b1ec14b77227_w000_b1ec14b7,kang_sparse_2015_adaptation,ok,True,False,13,3.6679709423409665e-05,13,3.6679709423409665e-05,0,native,native_feasible,64,1182.2621680039447
USGS,usgs_tnm_contours_large_scale_b1ec14b77227_w000_b1ec14b7,luo_linf_de_2022_adaptation,ok,True,True,6,0.0006161925930582209,16,3.867871641311113e-05,30,residual_guided_augmentation,repaired_feasible,64,2997.966572002042
USGS,usgs_tnm_contours_large_scale_93d1979f7d07_w000_93d1979f,dung_direct_knot_2017_adaptation,ok,True,True,20,0.00031620985872354114,35,4.464990384560485e-05,45,residual_guided_augmentation,repaired_feasible,64,620.4172869911417
USGS,usgs_tnm_contours_large_scale_93d1979f7d07_w000_93d1979f,kang_sparse_2015_adaptation,ok,True,False,64,2.3117061925205034e-05,64,2.3117061925205034e-05,0,native,native_feasible,64,440.51376401330344
USGS,usgs_tnm_contours_large_scale_93d1979f7d07_w000_93d1979f,luo_linf_de_2022_adaptation,ok,True,True,6,0.0021169216801902326,36,4.965856908973512e-05,90,residual_guided_augmentation,repaired_feasible,64,2496.5768860129174
USGS,usgs_tnm_contours_large_scale_c593477f1f71_w000_c593477f,dung_direct_knot_2017_adaptation,ok,True,True,27,0.00032201774212295035,49,4.8658340368459194e-05,66,residual_guided_augmentation,repaired_feasible,64,838.3477739989758
USGS,usgs_tnm_contours_large_scale_c593477f1f71_w000_c593477f,kang_sparse_2015_adaptation,ok,True,False,64,4.987751373017435e-05,64,4.987751373017435e-05,0,native,native_feasible,64,445.5376330006402
USGS,usgs_tnm_contours_large_scale_c593477f1f71_w000_c593477f,luo_linf_de_2022_adaptation,ok,True,True,11,0.0010015471034893505,64,4.987751373017435e-05,160,uniform_capacity_fallback,repaired_feasible,64,1533.9747649850324
USGS,usgs_tnm_contours_large_scale_2c338fda54bb_w000_2c338fda,dung_direct_knot_2017_adaptation,ok,True,True,34,0.0006125602802481948,64,9.803481461166995e-05,91,residual_guided_augmentation,budget_exhausted_without_feasible_fit,64,982.7787559770513
USGS,usgs_tnm_contours_large_scale_2c338fda54bb_w000_2c338fda,kang_sparse_2015_adaptation,ok,True,True,64,0.00017671973648924173,64,0.00017671973648924173,1,native_after_failed_safeguard,budget_exhausted_without_feasible_fit,64,30.022892024135217
USGS,usgs_tnm_contours_large_scale_2c338fda54bb_w000_2c338fda,luo_linf_de_2022_adaptation,ok,True,True,5,0.015846640683001813,64,0.0001559380626611635,178,residual_guided_augmentation,budget_exhausted_without_feasible_fit,64,844.8473100143019
USGS,usgs_tnm_contours_large_scale_72be136e0833_w000_72be136e,dung_direct_knot_2017_adaptation,ok,True,True,3,0.00036988253960835256,6,1.851714984930392e-05,9,residual_guided_augmentation,repaired_feasible,64,66.09576899791136
USGS,usgs_tnm_contours_large_scale_72be136e0833_w000_72be136e,kang_sparse_2015_adaptation,ok,True,False,6,2.490477646591541e-05,6,2.490477646591541e-05,0,native,native_feasible,64,1272.4183249811176
USGS,usgs_tnm_contours_large_scale_72be136e0833_w000_72be136e,luo_linf_de_2022_adaptation,ok,True,True,3,0.00010136866026453488,5,3.474241173613448e-05,6,residual_guided_augmentation,repaired_feasible,64,2874.6917880198453
USGS,usgs_tnm_contours_large_scale_a8a9331aa35d_w000_a8a9331a,dung_direct_knot_2017_adaptation,ok,True,True,31,0.00046911552106492844,64,7.51640026009828e-05,100,residual_guided_augmentation,budget_exhausted_without_feasible_fit,64,890.1780580054037
USGS,usgs_tnm_contours_large_scale_a8a9331aa35d_w000_a8a9331a,kang_sparse_2015_adaptation,ok,True,True,64,0.00010106998096799472,64,0.00010106998096799472,1,native_after_failed_safeguard,budget_exhausted_without_feasible_fit,64,30.546462978236377
USGS,usgs_tnm_contours_large_scale_a8a9331aa35d_w000_a8a9331a,luo_linf_de_2022_adaptation,ok,True,True,3,0.01631537635894848,64,0.00010106998096799472,184,uniform_capacity_fallback,budget_exhausted_without_feasible_fit,64,800.47879400081
USGS,usgs_tnm_contours_large_scale_8a4ccdb902fb_w000_8a4ccdb9,dung_direct_knot_2017_adaptation,ok,True,True,20,0.0007061138612389938,45,4.9127653750188904e-05,75,residual_guided_augmentation,repaired_feasible,64,628.7683509872295
USGS,usgs_tnm_contours_large_scale_8a4ccdb902fb_w000_8a4ccdb9,kang_sparse_2015_adaptation,ok,True,False,64,2.706299022355008e-05,64,2.706299022355008e-05,0,native,native_feasible,64,445.10336898383684
USGS,usgs_tnm_contours_large_scale_8a4ccdb902fb_w000_8a4ccdb9,luo_linf_de_2022_adaptation,ok,True,True,8,0.00222600115779334,49,4.8984201481145214e-05,123,residual_guided_augmentation,repaired_feasible,64,1706.6311289963778
USGS,usgs_tnm_contours_large_scale_4a981cd4356c_w000_4a981cd4,dung_direct_knot_2017_adaptation,ok,True,True,8,0.00022577286299104997,11,4.119784813057459e-05,9,residual_guided_augmentation,repaired_feasible,64,200.20043800468557
USGS,usgs_tnm_contours_large_scale_4a981cd4356c_w000_4a981cd4,kang_sparse_2015_adaptation,ok,True,False,29,1.2843626953762153e-05,29,1.2843626953762153e-05,0,native,native_feasible,64,971.1297890171409
USGS,usgs_tnm_contours_large_scale_4a981cd4356c_w000_4a981cd4,luo_linf_de_2022_adaptation,ok,True,True,5,0.00031842631559821007,16,4.03523998766719e-05,33,residual_guided_augmentation,repaired_feasible,64,2837.573230994167
IndustrialOffset,industrial_offset_naca_airfoil_v011_o04_p0p0400,dung_direct_knot_2017_adaptation,ok,True,True,4,0.002990786507526563,6,1.3833012616797936e-05,6,residual_guided_augmentation,repaired_feasible,64,81.68862698948942
IndustrialOffset,industrial_offset_naca_airfoil_v011_o04_p0p0400,kang_sparse_2015_adaptation,ok,True,False,10,3.746046621062702e-05,10,3.746046621062702e-05,0,native,native_feasible,64,1187.0722039893735
IndustrialOffset,industrial_offset_naca_airfoil_v011_o04_p0p0400,luo_linf_de_2022_adaptation,ok,True,True,3,0.0005670460356322866,6,1.917257978315771e-05,9,residual_guided_augmentation,repaired_feasible,64,2871.869709022576
IndustrialOffset,industrial_offset_keyway_bore_v007_o01_m0p0400,dung_direct_knot_2017_adaptation,ok,True,True,6,0.0010164468068623552,16,4.571853655932351e-05,30,residual_guided_augmentation,repaired_feasible,64,188.13591700745746
IndustrialOffset,industrial_offset_keyway_bore_v007_o01_m0p0400,kang_sparse_2015_adaptation,ok,True,False,40,7.339118082818336e-06,40,7.339118082818336e-06,0,native,native_feasible,64,877.9985829896759
IndustrialOffset,industrial_offset_keyway_bore_v007_o01_m0p0400,luo_linf_de_2022_adaptation,ok,True,True,4,0.0017944738681266355,20,3.555798930028784e-05,48,residual_guided_augmentation,repaired_feasible,64,3304.350490012439
IndustrialOffset,industrial_offset_naca_airfoil_v001_o04_p0p0400,dung_direct_knot_2017_adaptation,ok,True,True,4,0.003115557041389896,6,9.524799410564142e-06,6,residual_guided_augmentation,repaired_feasible,64,99.55088800052181
IndustrialOffset,industrial_offset_naca_airfoil_v001_o04_p0p0400,kang_sparse_2015_adaptation,ok,True,False,10,3.573858618362911e-05,10,3.573858618362911e-05,0,native,native_feasible,64,1177.1214199834503
IndustrialOffset,industrial_offset_naca_airfoil_v001_o04_p0p0400,luo_linf_de_2022_adaptation,ok,True,True,3,0.0004900001029141226,6,1.5016832292775889e-05,9,residual_guided_augmentation,repaired_feasible,64,2878.005493985256
IndustrialOffset,industrial_offset_capsule_slot_v008_o01_m0p0400,dung_direct_knot_2017_adaptation,ok,True,True,5,0.0014971093765504364,9,4.80928501777106e-05,12,residual_guided_augmentation,repaired_feasible,64,104.03041000245139
IndustrialOffset,industrial_offset_capsule_slot_v008_o01_m0p0400,kang_sparse_2015_adaptation,ok,True,True,9,5.221275834847266e-05,10,3.29045518489836e-05,3,residual_guided_augmentation,repaired_feasible,64,1334.4505330023821
IndustrialOffset,industrial_offset_capsule_slot_v008_o01_m0p0400,luo_linf_de_2022_adaptation,ok,True,False,8,3.810506957943032e-05,8,3.810506957943032e-05,0,native,native_feasible,64,3193.1624580174685
IndustrialOffset,industrial_offset_capsule_slot_v000_o04_p0p0400,dung_direct_knot_2017_adaptation,ok,True,True,4,0.002211972964507304,10,2.719497734001978e-05,18,residual_guided_augmentation,repaired_feasible,64,103.0283089785371
IndustrialOffset,industrial_offset_capsule_slot_v000_o04_p0p0400,kang_sparse_2015_adaptation,ok,True,False,7,4.7212130119223516e-05,7,4.7212130119223516e-05,0,native,native_feasible,64,1296.2298229977023
IndustrialOffset,industrial_offset_capsule_slot_v000_o04_p0p0400,luo_linf_de_2022_adaptation,ok,True,False,8,4.506024275644029e-05,8,4.506024275644029e-05,0,native,native_feasible,64,3192.8186540026218
IndustrialOffset,industrial_offset_lobed_rotor_v001_o00_m0p0800,dung_direct_knot_2017_adaptation,ok,True,True,9,0.002520888997379194,19,3.876445527200027e-05,30,residual_guided_augmentation,repaired_feasible,64,228.26348501257598
IndustrialOffset,industrial_offset_lobed_rotor_v001_o00_m0p0800,kang_sparse_2015_adaptation,ok,True,False,49,2.2475313738713736e-07,49,2.2475313738713736e-07,0,native,native_feasible,64,972.7321770042181
IndustrialOffset,industrial_offset_lobed_rotor_v001_o00_m0p0800,luo_linf_de_2022_adaptation,ok,True,True,15,0.00018831598544779941,19,3.621479061760645e-05,12,residual_guided_augmentation,repaired_feasible,64,3376.687148993369
IndustrialOffset,industrial_offset_naca_airfoil_v005_o05_p0p0800,dung_direct_knot_2017_adaptation,ok,True,True,4,0.0029207732519025554,6,1.297743774316439e-05,6,residual_guided_augmentation,repaired_feasible,64,96.36289198533632
IndustrialOffset,industrial_offset_naca_airfoil_v005_o05_p0p0800,kang_sparse_2015_adaptation,ok,True,False,9,2.3331984408164875e-05,9,2.3331984408164875e-05,0,native,native_feasible,64,1170.7842340110801
IndustrialOffset,industrial_offset_naca_airfoil_v005_o05_p0p0800,luo_linf_de_2022_adaptation,ok,True,True,4,0.000416141273699104,8,3.790986993990294e-05,12,residual_guided_augmentation,repaired_feasible,64,2916.3833470083773
IndustrialOffset,industrial_offset_lobed_rotor_v004_o00_m0p0800,dung_direct_knot_2017_adaptation,ok,True,True,12,0.0019737828837768402,21,4.672037670226453e-05,27,residual_guided_augmentation,repaired_feasible,64,295.4933709988836
IndustrialOffset,industrial_offset_lobed_rotor_v004_o00_m0p0800,kang_sparse_2015_adaptation,ok,True,False,46,1.74508686874561e-06,46,1.74508686874561e-06,0,native,native_feasible,64,927.7485109923873
IndustrialOffset,industrial_offset_lobed_rotor_v004_o00_m0p0800,luo_linf_de_2022_adaptation,ok,True,True,17,0.00013480289498427964,22,4.4886334955044993e-05,15,residual_guided_augmentation,repaired_feasible,64,3163.768460013671
IndustrialOffset,industrial_offset_radial_cam_v010_o04_p0p0400,dung_direct_knot_2017_adaptation,ok,True,True,3,0.00030625448087953617,6,1.5654086355610142e-05,9,residual_guided_augmentation,repaired_feasible,64,68.73089700820856
IndustrialOffset,industrial_offset_radial_cam_v010_o04_p0p0400,kang_sparse_2015_adaptation,ok,True,False,62,2.4495090138941533e-11,62,2.4495090138941533e-11,0,native,native_feasible,64,975.1304160163272
IndustrialOffset,industrial_offset_radial_cam_v010_o04_p0p0400,luo_linf_de_2022_adaptation,ok,True,False,10,5.783540389663033e-08,10,5.783540389663033e-08,0,native,native_feasible,64,3240.7424740085844
IndustrialOffset,industrial_offset_elliptic_bore_v001_o00_m0p0800,dung_direct_knot_2017_adaptation,ok,True,True,3,0.000745854239895235,5,4.5995357346873076e-05,6,residual_guided_augmentation,repaired_feasible,64,71.45182299427688
IndustrialOffset,industrial_offset_elliptic_bore_v001_o00_m0p0800,kang_sparse_2015_adaptation,ok,True,False,56,9.281956617682771e-10,56,9.281956617682771e-10,0,native,native_feasible,64,1262.845244986238
IndustrialOffset,industrial_offset_elliptic_bore_v001_o00_m0p0800,luo_linf_de_2022_adaptation,ok,True,True,3,5.312434720679848e-05,4,3.998531797901363e-05,3,residual_guided_augmentation,repaired_feasible,64,3087.564187007956
IndustrialOffset,industrial_offset_keyway_bore_v008_o03_p0p0200,dung_direct_knot_2017_adaptation,ok,True,True,7,0.0005077117605792427,18,2.2154911913480758e-05,33,residual_guided_augmentation,repaired_feasible,64,204.55277198925614
IndustrialOffset,industrial_offset_keyway_bore_v008_o03_p0p0200,kang_sparse_2015_adaptation,ok,True,False,41,3.7937758511793636e-06,41,3.7937758511793636e-06,0,native,native_feasible,64,878.071118000662
IndustrialOffset,industrial_offset_keyway_bore_v008_o03_p0p0200,luo_linf_de_2022_adaptation,ok,True,True,4,0.0015861614277971222,19,3.960083459433443e-05,45,residual_guided_augmentation,repaired_feasible,64,3216.0118790052366
IndustrialOffset,industrial_offset_rounded_plate_v002_o05_p0p0800,dung_direct_knot_2017_adaptation,ok,True,True,5,0.001902030306429098,16,3.52051648762865e-05,33,residual_guided_augmentation,repaired_feasible,64,139.29648298653774
IndustrialOffset,industrial_offset_rounded_plate_v002_o05_p0p0800,kang_sparse_2015_adaptation,ok,True,False,28,6.587025599828886e-06,28,6.587025599828886e-06,0,native,native_feasible,64,1065.9330599883106
IndustrialOffset,industrial_offset_rounded_plate_v002_o05_p0p0800,luo_linf_de_2022_adaptation,ok,True,True,5,0.000498238747477564,14,4.264645016046731e-05,27,residual_guided_augmentation,repaired_feasible,64,3161.7968220089097
IndustrialOffset,industrial_offset_elliptic_bore_v008_o02_m0p0200,dung_direct_knot_2017_adaptation,ok,True,True,4,0.0008668502900886408,6,4.9428085780959425e-05,6,residual_guided_augmentation,repaired_feasible,64,86.07735301484354
IndustrialOffset,industrial_offset_elliptic_bore_v008_o02_m0p0200,kang_sparse_2015_adaptation,ok,True,False,50,7.09465992640753e-08,50,7.09465992640753e-08,0,native,native_feasible,64,1258.3733439969365
IndustrialOffset,industrial_offset_elliptic_bore_v008_o02_m0p0200,luo_linf_de_2022_adaptation,ok,True,True,3,0.00015948918973772072,8,4.50648100801399e-05,15,residual_guided_augmentation,repaired_feasible,64,3098.045735008782
IndustrialOffset,industrial_offset_naca_airfoil_v011_o05_p0p0800,dung_direct_knot_2017_adaptation,ok,True,True,4,0.0030435723960766056,6,1.5687809938511713e-05,6,residual_guided_augmentation,repaired_feasible,64,94.50770198600367
IndustrialOffset,industrial_offset_naca_airfoil_v011_o05_p0p0800,kang_sparse_2015_adaptation,ok,True,False,11,2.586847087245251e-05,11,2.586847087245251e-05,0,native,native_feasible,64,1190.0863389892038
IndustrialOffset,industrial_offset_naca_airfoil_v011_o05_p0p0800,luo_linf_de_2022_adaptation,ok,True,True,4,0.00045293045490891635,8,3.4769023314846105e-05,12,residual_guided_augmentation,repaired_feasible,64,2853.4039270016365
IndustrialOffset,industrial_offset_keyway_bore_v007_o05_p0p0800,dung_direct_knot_2017_adaptation,ok,True,True,6,0.0006695783323250083,15,2.685288487415875e-05,27,residual_guided_augmentation,repaired_feasible,64,184.71424200106412
IndustrialOffset,industrial_offset_keyway_bore_v007_o05_p0p0800,kang_sparse_2015_adaptation,ok,True,False,40,6.41337242925468e-06,40,6.41337242925468e-06,0,native,native_feasible,64,875.1844670041464
IndustrialOffset,industrial_offset_keyway_bore_v007_o05_p0p0800,luo_linf_de_2022_adaptation,ok,True,True,4,0.0016393489826104534,20,3.2062274413706153e-05,48,residual_guided_augmentation,repaired_feasible,64,3324.3862639938015
IndustrialOffset,industrial_offset_naca_airfoil_v001_o05_p0p0800,dung_direct_knot_2017_adaptation,ok,True,True,4,0.003189368766962754,6,1.2107020526553592e-05,6,residual_guided_augmentation,repaired_feasible,64,94.91936999256723
IndustrialOffset,industrial_offset_naca_airfoil_v001_o05_p0p0800,kang_sparse_2015_adaptation,ok,True,False,11,2.6898672176975266e-05,11,2.6898672176975266e-05,0,native,native_feasible,64,1200.4034860001411
IndustrialOffset,industrial_offset_naca_airfoil_v001_o05_p0p0800,luo_linf_de_2022_adaptation,ok,True,True,4,0.0004283307177933477,7,4.211212492868773e-05,9,residual_guided_augmentation,repaired_feasible,64,2879.5169580262154
IndustrialOffset,industrial_offset_capsule_slot_v008_o03_p0p0200,dung_direct_knot_2017_adaptation,ok,True,True,5,0.0011882490686233292,9,3.747458236576662e-05,12,residual_guided_augmentation,repaired_feasible,64,106.83043600874953
IndustrialOffset,industrial_offset_capsule_slot_v008_o03_p0p0200,kang_sparse_2015_adaptation,ok,True,False,24,1.4751239178834873e-05,24,1.4751239178834873e-05,0,native,native_feasible,64,1205.8871999906842
IndustrialOffset,industrial_offset_capsule_slot_v008_o03_p0p0200,luo_linf_de_2022_adaptation,ok,True,True,8,5.4839971775513406e-05,9,4.442903092724453e-05,3,residual_guided_augmentation,repaired_feasible,64,3204.8197780095506
IndustrialOffset,industrial_offset_capsule_slot_v000_o01_m0p0400,dung_direct_knot_2017_adaptation,ok,True,True,4,0.002492287661023931,9,2.75511278361809e-05,15,residual_guided_augmentation,repaired_feasible,64,116.79510099929757
IndustrialOffset,industrial_offset_capsule_slot_v000_o01_m0p0400,kang_sparse_2015_adaptation,ok,True,False,9,3.0608173470064026e-05,9,3.0608173470064026e-05,0,native,native_feasible,64,1267.3396960017271
IndustrialOffset,industrial_offset_capsule_slot_v000_o01_m0p0400,luo_linf_de_2022_adaptation,ok,True,False,8,2.6436339953160842e-05,8,2.6436339953160842e-05,0,native,native_feasible,64,3183.122896007262
IndustrialOffset,industrial_offset_lobed_rotor_v001_o02_m0p0200,dung_direct_knot_2017_adaptation,ok,True,True,10,0.001895000285978453,19,3.9938567125086445e-05,27,residual_guided_augmentation,repaired_feasible,64,253.10610598535277
IndustrialOffset,industrial_offset_lobed_rotor_v001_o02_m0p0200,kang_sparse_2015_adaptation,ok,True,False,44,3.430375730512156e-07,44,3.430375730512156e-07,0,native,native_feasible,64,968.7018109834753
IndustrialOffset,industrial_offset_lobed_rotor_v001_o02_m0p0200,luo_linf_de_2022_adaptation,ok,True,False,19,9.999208619317681e-06,19,9.999208619317681e-06,0,native,native_feasible,64,3467.782769992482
IndustrialOffset,industrial_offset_naca_airfoil_v005_o03_p0p0200,dung_direct_knot_2017_adaptation,ok,True,True,4,0.0028619510971822967,5,4.4228593143956115e-05,3,residual_guided_augmentation,repaired_feasible,64,93.44614500878379
IndustrialOffset,industrial_offset_naca_airfoil_v005_o03_p0p0200,kang_sparse_2015_adaptation,ok,True,False,8,3.8057624760377376e-05,8,3.8057624760377376e-05,0,native,native_feasible,64,1201.5762000228278
IndustrialOffset,industrial_offset_naca_airfoil_v005_o03_p0p0200,luo_linf_de_2022_adaptation,ok,True,True,3,0.0005524903201881378,6,2.2022391605324245e-05,9,residual_guided_augmentation,repaired_feasible,64,2878.7275129870977
