dataset,method,n,failed,mse_mean,mse_p95,fit_pass_rate,reference_mse_mean,reference_pass_rate,final_k_mean,canonical_k_mean,canonical_label_n,canonical_count_valid_n,canonical_count_mae,canonical_count_bias,canonical_count_exact_rate,canonical_count_within_one_rate,total_ms_mean,network_ms_mean,feasibility_safeguard_used_rate,native_fit_pass_rate_before_safeguard,native_k_mean_before_safeguard
Synthetic,ours,17,0,0.001273404635559966,0.0018529750712131918,0.0,,,15.352941176470589,12.0,17,17,3.3529411764705883,3.3529411764705883,0.0,0.11764705882352941,8.308185411764706,7.010585823529412,,,
Synthetic,ours_verified,17,0,3.1918096716156095e-05,6.123470001031504e-05,0.8823529411764706,,,21.705882352941178,12.0,17,17,9.705882352941176,9.705882352941176,0.0,0.0,14.829213,,,,
Synthetic,park_dominant_point_2007_adaptation,17,0,0.00036809505435310517,0.0007821105526234585,0.11764705882352941,,,23.58823529411765,12.0,17,17,11.588235294117647,11.588235294117647,0.0,0.0,29.617898353107567,,,,
Synthetic,liang_feature_iki_2017_adaptation,17,0,0.00016909300269904288,0.0005145954140075195,0.4117647058823529,,,21.41176470588235,12.0,17,17,9.411764705882353,9.411764705882353,0.0,0.0,22.45094323509821,,,,
Synthetic,dung_direct_knot_2017_adaptation,17,0,6.35505571773288e-05,0.00012241202793574846,0.5882352941176471,,,19.58823529411765,12.0,17,17,7.588235294117647,7.588235294117647,0.0,0.0,337.65607394118837,,1.0,0.0,12.588235294117647
Synthetic,kang_sparse_2015_adaptation,17,0,0.0002736013070187575,0.0010000013231682072,0.35294117647058826,,,22.41176470588235,12.0,17,17,10.411764705882353,10.411764705882353,0.0,0.0,181.05222864676975,,0.7647058823529411,0.23529411764705882,21.235294117647058
Synthetic,luo_linf_de_2022_adaptation,17,0,0.00021235665706323756,0.0006706695795917514,0.4117647058823529,,,20.88235294117647,12.0,17,17,8.882352941176471,8.882352941176471,0.0,0.0,1282.3595161769524,,0.9411764705882353,0.058823529411764705,3.588235294117647
UJI,ours,5,0,4.539463169651853e-05,8.788660653627225e-05,0.6,5.415666453534621e-05,0.6,17.4,,0,0,,,,,8.2314814,6.9841484000000005,,,
UJI,ours_verified,5,0,3.671118282653542e-05,7.648749998635163e-05,0.8,3.734718638147439e-05,0.6,18.8,,0,0,,,,,11.0178202,,,,
UJI,park_dominant_point_2007_adaptation,5,0,4.046663504598681e-05,4.804130523306795e-05,1.0,9.6812459084419e-05,0.0,11.6,,0,0,,,,,14.688854399719276,,,,
UJI,liang_feature_iki_2017_adaptation,5,0,3.761210314505363e-05,4.6955783445855025e-05,1.0,7.805238751820289e-05,0.2,8.6,,0,0,,,,,8.505277199947159,,,,
UJI,dung_direct_knot_2017_adaptation,5,0,3.3915256919144965e-05,4.575251195788169e-05,1.0,7.126447328565474e-05,0.4,7.2,,0,0,,,,,118.27718179993099,,0.8,0.2,4.2
UJI,kang_sparse_2015_adaptation,5,0,1.6695454192511355e-05,3.280459588793638e-05,1.0,5.7077999772528446e-05,0.6,19.0,,0,0,,,,,527.4597901996458,,0.0,1.0,19.0
UJI,luo_linf_de_2022_adaptation,5,0,3.645375775007774e-05,4.980034846741273e-05,1.0,8.612729884931546e-05,0.4,10.0,,0,0,,,,,2214.4038410002395,,0.8,0.2,2.8
NaturalEarth,ours,5,0,0.00043090499893700085,0.0008756459221154134,0.0,0.00043306093818099256,0.0,17.4,,0,0,,,,,8.2766186,7.0034635,,,
NaturalEarth,ours_verified,5,0,4.5663756953557574e-05,5.477538533171462e-05,0.8,4.425954949056762e-05,0.8,22.2,,0,0,,,,,14.4504142,,,,
NaturalEarth,park_dominant_point_2007_adaptation,5,0,4.50226092867184e-05,5.03837784922554e-05,0.8,4.611686303210066e-05,0.8,16.8,,0,0,,,,,27.252573200166808,,,,
NaturalEarth,liang_feature_iki_2017_adaptation,5,0,4.571099483128412e-05,4.8708148281387435e-05,1.0,4.63352098667208e-05,1.0,16.2,,0,0,,,,,16.35262279996823,,,,
NaturalEarth,dung_direct_knot_2017_adaptation,5,0,4.041193696623692e-05,4.8535620152891064e-05,1.0,4.152002728741601e-05,1.0,13.8,,0,0,,,,,217.59734979968925,,1.0,0.0,7.4
NaturalEarth,kang_sparse_2015_adaptation,5,0,5.038470386089396e-05,7.284041976608645e-05,0.4,5.2107798211526235e-05,0.4,24.0,,0,0,,,,,149.9894159998803,,0.6,0.4,24.0
NaturalEarth,luo_linf_de_2022_adaptation,5,0,4.932105956917028e-05,5.50417898656156e-05,0.6,5.083051619377068e-05,0.4,19.2,,0,0,,,,,1259.1517596003541,,1.0,0.0,3.0
USGS,ours,5,0,0.0005514002475775724,0.0012245807171200316,0.2,0.0005533121940522622,0.2,16.6,,0,0,,,,,8.344905,7.0128838,,,
USGS,ours_verified,5,0,0.00016473339552044417,0.00023832998440437688,0.2,0.00016335317578440497,0.2,23.2,,0,0,,,,,14.9390042,,,,
USGS,park_dominant_point_2007_adaptation,5,0,0.0001883255959872181,0.0003027061400332312,0.4,0.00019047255159518835,0.4,19.4,,0,0,,,,,24.36489480023738,,,,
USGS,liang_feature_iki_2017_adaptation,5,0,0.00011485970695569598,0.00020022895598804366,0.4,0.00011655903475684692,0.4,18.6,,0,0,,,,,19.31885739977588,,,,
USGS,dung_direct_knot_2017_adaptation,5,0,9.622139378110898e-05,0.0001727571127077483,0.4,9.766778400058406e-05,0.4,18.4,,0,0,,,,,378.50363019970246,,0.8,0.2,14.2
USGS,kang_sparse_2015_adaptation,5,0,0.00013101040303934155,0.0002654160031265598,0.4,0.0001332138069684126,0.4,22.6,,0,0,,,,,220.91121740013477,,0.6,0.4,22.6
USGS,luo_linf_de_2022_adaptation,5,0,0.00013325153909550278,0.0002455531727419342,0.4,0.00013556982249414098,0.4,18.6,,0,0,,,,,1317.662126399955,,1.0,0.0,2.8
IndustrialOffset,ours,5,0,5.440881673774234e-05,0.00011269505519208757,0.6,5.458864310335874e-05,0.6,18.4,,0,0,,,,,8.303173000000001,7.0135606,,,
IndustrialOffset,ours_verified,5,0,1.8326552335197545e-05,2.4827137255321764e-05,1.0,1.7990514023735684e-05,1.0,19.4,,0,0,,,,,10.5758444,,,,
IndustrialOffset,park_dominant_point_2007_adaptation,5,0,6.112734519334178e-05,0.00015168908374167705,0.8,6.25739994222357e-05,0.8,14.8,,0,0,,,,,20.82467740001448,,,,
IndustrialOffset,liang_feature_iki_2017_adaptation,5,0,2.9204580410502226e-05,4.346071296217328e-05,1.0,2.9590282867514e-05,1.0,10.0,,0,0,,,,,9.873401399454451,,,,
IndustrialOffset,dung_direct_knot_2017_adaptation,5,0,2.2727602876763226e-05,3.728839318366526e-05,1.0,2.3160454562817598e-05,1.0,9.2,,0,0,,,,,115.88907660006953,,1.0,0.0,4.6
IndustrialOffset,kang_sparse_2015_adaptation,5,0,3.657017658654269e-05,8.152109239967584e-05,0.8,3.766877588171174e-05,0.8,20.8,,0,0,,,,,420.5692142004409,,0.2,0.8,20.8
IndustrialOffset,luo_linf_de_2022_adaptation,5,0,3.999149777644575e-05,4.729624190706508e-05,1.0,4.0785202266959675e-05,1.0,10.4,,0,0,,,,,1957.6546383996174,,1.0,0.0,2.0
