dataset,method,n,failed,mse_mean,mse_p95,mse_max,max_squared_error_mean,max_squared_error_p95,max_squared_error_max,max_squared_error_valid_count,max_squared_error_missing_count,fit_pass_rate,reference_mse_mean,reference_mse_max,reference_max_squared_error_mean,reference_max_squared_error_p95,reference_max_squared_error_max,reference_max_squared_error_valid_count,reference_max_squared_error_missing_count,reference_pass_rate,final_k_mean,canonical_k_mean,canonical_count_mae,canonical_count_bias,canonical_count_exact_rate,canonical_count_within_one_rate,total_ms_mean,network_ms_mean
Synthetic,ours,42,0,6.702768441936617e-05,0.0002383325087714856,0.00028305544799231034,0.0004977907938075253,0.0016742200084854154,0.00243317317957424,42,0,0.5952380952380952,,,,,,0,0,,25.357142857142858,14.0,11.357142857142858,11.357142857142858,0.0,0.0,8.516230666666667,7.131441023809525
Synthetic,park_dominant_point_2007_adaptation,42,0,0.00013614306914939219,0.00029946409679505574,0.0005497785874964679,0.002225562928604064,0.007417914302329989,0.009556880800977057,42,0,0.2619047619047619,,,,,,0,0,,30.404761904761905,14.0,16.404761904761905,16.404761904761905,0.0,0.0,39.23567695199468,
Synthetic,liang_feature_iki_2017_adaptation,42,0,0.0001316248291021807,0.00047597611756956625,0.0006817992252473104,0.0007789090083353921,0.0030403726542035667,0.003483215424636158,42,0,0.4523809523809524,,,,,,0,0,,27.428571428571427,14.0,13.428571428571429,13.428571428571429,0.0,0.0,29.087937666363793,
Synthetic,dung_direct_knot_2017_adaptation,42,0,5.385852714875993e-05,8.484266703622962e-05,9.989586597411752e-05,0.00023887656654928576,0.0004808080255695017,0.0007083903148149142,42,0,0.6666666666666666,,,,,,0,0,,23.761904761904763,14.0,9.761904761904763,9.761904761904763,0.0,0.0,408.0744992416363,
Synthetic,kang_sparse_2015_adaptation,42,0,9.950959051479734e-05,0.00035439362230389114,0.0004137390946085224,0.000666387830078737,0.0031018912844328075,0.0034924543905934923,42,0,0.47619047619047616,,,,,,0,0,,28.714285714285715,14.0,14.714285714285714,14.714285714285714,0.0,0.0,294.6063224073788,
Synthetic,luo_linf_de_2022_adaptation,42,0,0.00010360776967146577,0.00035361097650350883,0.0004137390946085224,0.0006964959429101013,0.00309037876670714,0.0034924543905934923,42,0,0.5238095238095238,,,,,,0,0,,25.714285714285715,14.0,11.714285714285714,11.714285714285714,0.0,0.0,1459.870763238065,
UJI,ours,20,0,1.7694423885519598e-05,5.77747878568776e-05,5.999754448127954e-05,0.00026745831200722506,0.0005810390375435418,0.0008004670403768196,20,0,0.9,2.8953910975313304e-05,9.802804656501757e-05,0.0003600928942452365,0.0011091108231683277,0.0014395214396955274,20,0,0.85,20.55,,,,,,8.46907075,7.1136983
UJI,park_dominant_point_2007_adaptation,20,0,3.3879922235094104e-05,4.8516618750316955e-05,4.949626556708831e-05,0.0006084073440807867,0.0016633939047643027,0.0018629828459835825,20,0,1.0,7.969930305776376e-05,0.00022919448266935867,0.000794581145337268,0.0024533179379602464,0.00253662718315394,20,0,0.35,11.8,,,,,,15.792591251374688,
UJI,liang_feature_iki_2017_adaptation,20,0,3.38037783182262e-05,4.781148581462495e-05,4.904749466845939e-05,0.00039317296460126264,0.0008126063685597047,0.000813903376830702,20,0,1.0,7.641005451344825e-05,0.00024206332145379302,0.0004943425395889324,0.0010601335312767617,0.0012783842252668631,20,0,0.35,8.85,,,,,,8.420056499016937,
UJI,dung_direct_knot_2017_adaptation,20,0,3.139772293093387e-05,4.506239506457998e-05,4.810546518239868e-05,0.00025935275679622505,0.0004282940135072805,0.0006959739680076881,20,0,1.0,6.371252967299186e-05,0.0002444685572828131,0.00034265843106012783,0.0006209666181670657,0.0009891121869140583,20,0,0.45,7.35,,,,,,106.91655974951573,
UJI,kang_sparse_2015_adaptation,20,0,2.4125811376071646e-05,4.8105371799665295e-05,4.8463634853681e-05,0.0005365146941822779,0.001034976772269765,0.0013405281124925198,20,0,1.0,6.434034066493956e-05,0.00019251294097280463,0.0007123309735078146,0.0014746785477044889,0.00147509199014825,20,0,0.3,18.5,,,,,,779.1649177001091,
UJI,luo_linf_de_2022_adaptation,20,0,2.8568708186114902e-05,4.598890013809429e-05,4.884649070023368e-05,0.00041416329845234194,0.0010807226029664364,0.0013940950820870521,20,0,1.0,6.834637475487031e-05,0.00023412931661338795,0.0005705518298111368,0.0015371506705521832,0.0015960511002471687,20,0,0.45,10.45,,,,,,2542.539214853605,
NaturalEarth,ours,20,0,0.00016589013456414612,0.000528324612789037,0.001608682815354602,0.0013077014109133499,0.005619412165278173,0.008580116273083178,20,0,0.4,0.00016758070120674872,0.0016434960146152154,0.001505044201988205,0.0068317476201910695,0.00946524798976055,20,0,0.45,26.15,,,,,,8.544388,7.119105424999999
NaturalEarth,park_dominant_point_2007_adaptation,20,0,0.0001531103612379319,0.0006405548471864486,0.0012877312084049394,0.001337661347876796,0.005371116593721522,0.0059175925517870745,20,0,0.8,0.0001566028869691319,0.0013211557823037464,0.0015179303971898385,0.005607881986495966,0.006825727642147188,20,0,0.75,22.4,,,,,,30.032068603031803,
NaturalEarth,liang_feature_iki_2017_adaptation,20,0,0.00012107176453209916,0.0002780636443845181,0.0012187929802846946,0.0006826320427417406,0.001275107985970876,0.005167020135651143,20,0,0.85,0.00018016102781074952,0.0012499246077177625,0.021268160609173754,0.026747626728342782,0.4085049673752026,20,0,0.7,20.95,,,,,,21.403746100259013,
NaturalEarth,dung_direct_knot_2017_adaptation,20,0,0.00012808147180253646,0.0002892866955963294,0.0014635365042491126,0.0008219127511799642,0.0019290419721229117,0.007055504048705462,20,0,0.85,0.00013165503304819184,0.0014974813016435827,0.0010880341532795658,0.002455125240550091,0.008797922073727505,20,0,0.75,18.9,,,,,,334.7621418477502,
NaturalEarth,kang_sparse_2015_adaptation,20,0,0.0001500049784623183,0.0004234334268352535,0.0019055508008993243,0.0013714822805045931,0.0032480375054000955,0.013189060995699503,20,0,0.75,0.00015403507828916767,0.0019408575533589045,0.0016668484915830493,0.004273768392762554,0.014041235854514104,20,0,0.7,31.4,,,,,,342.56813059473643,
NaturalEarth,luo_linf_de_2022_adaptation,20,0,0.00013498988753153247,0.000361288207399949,0.0013165516571195662,0.00102635096830229,0.0029574511205632524,0.005820713645001669,20,0,0.75,0.00013882375126979927,0.0013511425149525865,0.0013640285117481265,0.004035395051799607,0.007830546513261545,20,0,0.5,21.6,,,,,,1825.199612051074,
USGS,ours,20,0,0.00016748922507146298,0.0005643616628015067,0.0006156113476129158,0.0011128952697168717,0.003636558453914215,0.003898522804868586,20,0,0.3,0.00016884987222599786,0.0006372526881856179,0.0011854039044880444,0.004082399736466672,0.004157857371721413,20,0,0.3,27.8,,,,,,8.53550265,7.118019200000001
USGS,park_dominant_point_2007_adaptation,20,0,0.00023916912773529067,0.0008129081859520798,0.001265628561224417,0.0022998114595216682,0.007563325130886442,0.010644139398100386,20,0,0.4,0.00024353749439623204,0.0012917822486466714,0.002522371706580963,0.007863702194905947,0.012194394890276572,20,0,0.4,25.15,,,,,,32.19873204943724,
USGS,liang_feature_iki_2017_adaptation,20,0,0.00012658616501664714,0.00033537053515125164,0.00056918419658611,0.0006672762017987064,0.001704944383781552,0.0031391141305169646,20,0,0.45,0.000130571162993598,0.0006020499599509471,0.0009100667032887923,0.002840848335107704,0.005269433617363737,20,0,0.45,24.25,,,,,,25.68452119739959,
USGS,dung_direct_knot_2017_adaptation,20,0,0.00013680237770747375,0.00044541770251234494,0.0007554364845794372,0.0008928379395551078,0.003053567945516472,0.0050902278850013475,20,0,0.45,0.00014059679217851177,0.0007865721189556918,0.0011595259365699802,0.0041399412145913745,0.007063508142243371,20,0,0.45,23.2,,,,,,469.074331651791,
USGS,kang_sparse_2015_adaptation,20,0,0.0001572919287710468,0.00044541770251234494,0.0007554364845794372,0.0012042774501464292,0.003490182348631526,0.0050902278850013475,20,0,0.4,0.00016141291083172704,0.0007865721189556918,0.0014682679348670138,0.0041399412145913745,0.007063508142243371,20,0,0.4,29.65,,,,,,269.1703584045172,
USGS,luo_linf_de_2022_adaptation,20,0,0.0001502197581615201,0.0004362645390273752,0.0005723732148800461,0.0011033422385750295,0.002977269988506751,0.0035642687448069485,20,0,0.4,0.00015412974287939057,0.0006009719180563524,0.001325697818055527,0.004022087788566692,0.004706439621749754,20,0,0.4,23.55,,,,,,1415.611829503905,
IndustrialOffset,ours,20,0,3.223799366406287e-05,0.0001698098650995091,0.00018162037082514624,0.0004008232541182294,0.0017700514312557491,0.0018704312008717724,20,0,0.85,3.2370745411689e-05,0.00018124669866447364,0.0004557523022220071,0.0017715977288814742,0.0018715093139091822,20,0,0.85,18.9,,,,,,8.4357713,7.1188720750000005
IndustrialOffset,park_dominant_point_2007_adaptation,20,0,4.4100996780988385e-05,0.00010075766641917569,0.00013600465119612213,0.0005640308251847584,0.0016274442264758264,0.0016744129787560548,20,0,0.9,4.483346542352012e-05,0.00014137348253207517,0.0006683486397626229,0.002124765141121824,0.002244505873594368,20,0,0.9,14.8,,,,,,21.622418393963017,
IndustrialOffset,liang_feature_iki_2017_adaptation,20,0,2.961990567070861e-05,4.519189553638688e-05,4.557867821861352e-05,0.00026404649630151365,0.0005506485370334712,0.000636248624734641,20,0,1.0,2.9922226243505076e-05,4.578326572433883e-05,0.00030783911504890635,0.0005616442425356807,0.0006365034533263499,20,0,1.0,11.3,,,,,,10.939878899080213,
IndustrialOffset,dung_direct_knot_2017_adaptation,20,0,3.4989596338450476e-05,4.932892977188765e-05,4.945732169452701e-05,0.0002721350299890058,0.00039954421612134076,0.0006722345283341972,20,0,1.0,3.536510195940928e-05,5.1641046357132816e-05,0.0003444323431025505,0.000673316097895424,0.0007231447329800629,20,0,0.95,10.1,,,,,,132.73011735000182,
IndustrialOffset,kang_sparse_2015_adaptation,20,0,1.5195885202445403e-05,3.803836580798852e-05,4.123788672462079e-05,0.0002244675603226164,0.0007129928505056745,0.0011018137981049848,20,0,1.0,1.5533617805658952e-05,4.1483961403218486e-05,0.0003078824830025873,0.0011707350214776638,0.0012222369613966982,20,0,1.0,22.4,,,,,,734.7732813475886,
IndustrialOffset,luo_linf_de_2022_adaptation,20,0,3.136149275679241e-05,4.596590583410718e-05,4.915194656025311e-05,0.00037723818668072487,0.0010902317746193841,0.0011050951568293379,20,0,1.0,243.43060039731313,4868.611416080624,157448.67759649525,157448.67831544083,3148973.5430875183,20,0,0.9,11.55,,,,,,2685.479508698336,
