dataset,method,n,failed,mse_mean,mse_p95,fit_pass_rate,reference_mse_mean,reference_pass_rate,final_k_mean,canonical_k_mean,canonical_count_mae,canonical_count_bias,canonical_count_exact_rate,canonical_count_within_one_rate,total_ms_mean,network_ms_mean
Synthetic,ours,42,0,3.0471859691444287e-05,6.783098117388021e-05,0.8333333333333334,,,24.19047619047619,14.0,10.19047619047619,10.19047619047619,0.0,0.0,15.322297619047621,12.14512619047619
Synthetic,park_dominant_point_2007_adaptation,42,0,4.417651751041892e-05,4.948189200803506e-05,1.0,,,39.19047619047619,14.0,25.19047619047619,25.19047619047619,0.0,0.0,108.91878571419511,
Synthetic,liang_feature_iki_2017_adaptation,42,0,4.640564774238485e-05,4.973238647012969e-05,1.0,,,35.88095238095238,14.0,21.88095238095238,21.88095238095238,0.0,0.0,73.85059999987355,
Synthetic,dung_direct_knot_2017_adaptation,42,0,0.0010474367895233802,0.0022418602339118222,0.0,,,14.80952380952381,14.0,0.8095238095238095,0.8095238095238095,0.21428571428571427,0.9761904761904762,722.0271666666945,
Synthetic,kang_sparse_2015_adaptation,42,0,0.0032370974438193315,0.006396995248104216,0.23809523809523808,,,5.285714285714286,14.0,10.761904761904763,-8.714285714285714,0.0,0.0,1574.178947619484,
Synthetic,luo_linf_de_2022_adaptation,42,0,0.002462979738871255,0.005113138958660415,0.16666666666666666,,,10.333333333333334,14.0,7.0,-3.6666666666666665,0.09523809523809523,0.21428571428571427,5119.663647619052,
Synthetic,yeh_feature_cdf_2020,42,0,4.5992629758856e-05,4.973917691361596e-05,1.0,,,32.404761904761905,14.0,18.404761904761905,18.404761904761905,0.0,0.0,71.15357380964616,
Synthetic,uniform_gradient_pruning,42,0,4.5843684629810724e-05,4.9918186564875316e-05,1.0,,,22.095238095238095,14.0,8.095238095238095,8.095238095238095,0.0,0.0,123005.30532142788,
UJI,ours,8,0,2.4646070098215848e-05,6.683301658717898e-05,0.875,3.334800128278388e-05,0.875,22.625,,,,,,16.0043125,12.58415625
UJI,park_dominant_point_2007_adaptation,8,0,3.8338113947894914e-05,4.772340860411987e-05,1.0,8.01914974048831e-05,0.125,9.125,,,,,,23.69187500244152,
UJI,liang_feature_iki_2017_adaptation,8,0,3.103326390800739e-05,4.84594187149574e-05,1.0,6.025647718006e-05,0.5,7.5,,,,,,16.593574999205885,
UJI,dung_direct_knot_2017_adaptation,8,0,0.0006258369613988434,0.0021709270360804073,0.25,0.0008677339337513333,0.25,3.625,,,,,,175.83444999854692,
UJI,kang_sparse_2015_adaptation,8,0,4.673482278338952e-05,9.261017126284041e-05,0.75,9.349199957207819e-05,0.0,6.125,,,,,,2406.887762498627,
UJI,luo_linf_de_2022_adaptation,8,0,0.0006225943531859434,0.002260912163559727,0.375,0.0007384712048898351,0.375,3.75,,,,,,5435.291800002233,
UJI,yeh_feature_cdf_2020,8,0,3.6599942465946715e-05,4.825560627499797e-05,1.0,7.994779261365327e-05,0.0,7.125,,,,,,15.499725000154285,
UJI,uniform_gradient_pruning,8,0,3.461448156373144e-05,4.5775193309312644e-05,1.0,6.258698278565514e-05,0.125,4.5,,,,,,138184.7070749991,
NaturalEarth,ours,8,0,9.760359943506031e-05,0.00022802907397191964,0.375,9.765804872945776e-05,0.375,22.5,,,,,,14.7684125,11.96908125
NaturalEarth,park_dominant_point_2007_adaptation,8,0,4.366826652457383e-05,4.894415166025842e-05,1.0,4.5314191711301273e-05,0.75,24.875,,,,,,75.77405000029103,
NaturalEarth,liang_feature_iki_2017_adaptation,8,0,4.7140194934634555e-05,4.988680937587434e-05,1.0,0.07650997855722785,0.375,24.5,,,,,,51.63450000054581,
NaturalEarth,dung_direct_knot_2017_adaptation,8,0,0.0006609028373659472,0.0014453806051295715,0.0,0.0006709932922969978,0.0,11.0,,,,,,526.9799875004537,
NaturalEarth,kang_sparse_2015_adaptation,8,0,0.006741361653785454,0.02510215315734628,0.125,0.006807930513276277,0.125,9.0,,,,,,1781.4129625012356,
NaturalEarth,luo_linf_de_2022_adaptation,8,0,0.002255637885048234,0.005410297244821729,0.0,0.0022755562878902045,0.0,6.0,,,,,,4944.828724999752,
NaturalEarth,yeh_feature_cdf_2020,8,0,4.027153892612489e-05,4.960013337451469e-05,0.875,4.2033312189107636e-05,0.75,24.5,,,,,,52.96582500068325,
NaturalEarth,uniform_gradient_pruning,8,0,4.2186971355384255e-05,4.825410612167244e-05,1.0,4.393405465115383e-05,0.625,18.0,,,,,,124345.49253750265,
USGS,ours,8,0,0.00011286429186487756,0.00024747090375380705,0.25,0.00011034358956279483,0.25,32.5,,,,,,15.275275,12.40649375
USGS,park_dominant_point_2007_adaptation,8,0,5.024722196271464e-05,7.010936562889993e-05,0.875,5.1812484852073995e-05,0.75,36.125,,,,,,97.23052499975893,
USGS,liang_feature_iki_2017_adaptation,8,0,4.922081112245434e-05,5.8079537644540715e-05,0.875,5.13741554616746e-05,0.625,33.75,,,,,,71.39053749961022,
USGS,dung_direct_knot_2017_adaptation,8,0,0.00047580219651931877,0.0007625927123874644,0.0,0.00047932448849757875,0.0,17.0,,,,,,867.5907125016238,
USGS,kang_sparse_2015_adaptation,8,0,0.01163258498782486,0.03419248270410418,0.25,0.01168464493102527,0.25,2.875,,,,,,1309.4404374996884,
USGS,luo_linf_de_2022_adaptation,8,0,0.002127526394322608,0.004330461183703166,0.0,0.002143337537172614,0.0,5.75,,,,,,4170.843799999602,
USGS,yeh_feature_cdf_2020,8,0,4.451275968773298e-05,7.578978406929612e-05,0.875,4.585207998314493e-05,0.625,36.25,,,,,,84.36949999941135,
USGS,uniform_gradient_pruning,8,0,4.8339956093023694e-05,6.494970078737921e-05,0.875,4.96002100795872e-05,0.75,28.625,,,,,,102879.33406249885,
