arm,checkpoint_selection,epoch,dataset,n,failures,dual_pass_rate,mse_pass_rate,mean_k,mean_mse,worst_max_squared_error,mean_total_ms,mean_network_ms
baseline,untrained,,Overall,29,0,0.7586206896551724,0.7586206896551724,15.275862068965518,3.719473646405136e-05,0.001516470268943592,22.991803448129414,20.010213792657254
baseline,untrained,,Synthetic,21,0,0.7619047619047619,0.7619047619047619,12.952380952380953,3.3022544503727815e-05,0.0010002363915373159,23.707761903919856,20.73842380923452
baseline,untrained,,UJI,2,0,1.0,1.0,19.0,6.13585441767791e-06,0.00020037602865935467,21.659750000253553,18.840000000636792
baseline,untrained,,NaturalEarth,2,0,1.0,1.0,22.0,1.1763452266374471e-05,0.0002470742778353441,19.368200002645608,16.19455000036396
baseline,untrained,,USGS,2,0,0.5,0.5,25.0,9.817599590762842e-05,0.0010094405884943788,21.557350002694875,18.52639999924577
baseline,untrained,,IndustrialOffset,2,0,0.5,0.5,19.5,7.651165884792175e-05,0.001516470268943592,21.864350001123967,18.83369999632123
fixed,best,2,Overall,29,0,0.3103448275862069,0.3448275862068966,13.827586206896552,0.00012008033044091847,0.007694410461337438,28.763579310556263,22.78202068931744
fixed,best,2,Synthetic,21,0,0.23809523809523808,0.23809523809523808,10.952380952380953,0.0001329517985642153,0.007694410461337438,25.0316809528851,21.90883809505197
fixed,best,2,UJI,2,0,0.5,1.0,18.5,1.121962566672326e-05,0.0005799344547907038,26.432849997945596,22.320449999824632
fixed,best,2,NaturalEarth,2,0,1.0,1.0,22.0,1.4438974094395607e-05,0.00022197534264467122,64.94569999995292,23.47849999932805
fixed,best,2,USGS,2,0,0.0,0.0,25.5,8.332965003349391e-05,0.0007382410951981164,33.14564999891445,29.45990000080201
fixed,best,2,IndustrialOffset,2,0,0.5,0.5,19.5,0.0002361826566744447,0.003203798548618593,29.71505000095931,25.037649997102562
fixed,last,4,Overall,29,0,0.3448275862068966,0.3793103448275862,13.655172413793103,0.0001196900132762337,0.0076945518279614026,23.22508620699378,20.430558620036805
fixed,last,4,Synthetic,21,0,0.23809523809523808,0.23809523809523808,10.142857142857142,0.00014602134395319685,0.0076945518279614026,23.31825714264553,20.496595237567643
fixed,last,4,UJI,2,0,0.5,1.0,19.0,1.109834047691045e-05,0.000577948416903184,24.114350002491847,20.819050001591677
fixed,last,4,NaturalEarth,2,0,1.0,1.0,23.5,1.1105726101781968e-05,0.0001992397937355946,22.860300003230805,20.124200000282144
fixed,last,4,USGS,2,0,0.5,0.5,27.5,7.175499591829742e-05,0.0006579826277311403,23.811949999071658,21.048799997515744
fixed,last,4,IndustrialOffset,2,0,0.5,0.5,21.5,0.00010832201849983164,0.0020829209425779266,21.13544999883743,19.03679999668384
legacy,best,0,Overall,29,0,0.7586206896551724,0.7586206896551724,15.275862068965518,3.719476041630054e-05,0.0015164715244198317,21.834389654847246,19.004068965120403
legacy,best,0,Synthetic,21,0,0.7619047619047619,0.7619047619047619,12.952380952380953,3.302255660962047e-05,0.0010002365973627717,21.952190476267354,19.1877380951025
legacy,best,0,UJI,2,0,1.0,1.0,19.0,6.135881997822689e-06,0.00020037737149272827,18.088900000293506,15.332799997850088
legacy,best,0,NaturalEarth,2,0,1.0,1.0,22.0,1.1763451809862366e-05,0.00024707543165022834,21.13169999938691,18.518050001148367
legacy,best,0,USGS,2,0,0.5,0.5,25.0,9.817615627429185e-05,0.0010094406128259876,23.06010000029346,19.51829999961774
legacy,best,0,IndustrialOffset,2,0,0.5,0.5,19.5,7.651169155336595e-05,0.0015164715244198317,23.819949994503986,20.71859999705339
legacy,last,4,Overall,29,0,0.5862068965517241,0.5862068965517241,13.655172413793103,6.037202167299709e-05,0.001921723498011211,26.75781379391616,23.34656896609572
legacy,last,4,Synthetic,21,0,0.5238095238095238,0.5238095238095238,10.142857142857142,6.909944235552062e-05,0.001921723498011211,27.23477619119443,23.695785714413173
legacy,last,4,UJI,2,0,1.0,1.0,19.0,9.736334639973946e-06,0.00035373035483873903,28.081300002668286,24.80180000202381
legacy,last,4,NaturalEarth,2,0,1.0,1.0,23.5,8.905098355322586e-06,0.00018352582165494073,27.63749999940046,24.371999999857508
legacy,last,4,USGS,2,0,0.5,0.5,27.5,5.8329033619073986e-05,0.0004898840144279781,23.23450000039884,20.10465000421391
legacy,last,4,IndustrialOffset,2,0,0.5,0.5,21.5,7.287970291112062e-05,0.0018628971350189336,23.069850001775194,20.44105000095442
geometry,best,0,Overall,29,0,0.7586206896551724,0.7586206896551724,15.275862068965518,3.719476041630054e-05,0.0015164715244198317,27.248565518299262,23.175168966378713
geometry,best,0,Synthetic,21,0,0.7619047619047619,0.7619047619047619,12.952380952380953,3.302255660962047e-05,0.0010002365973627717,23.992790477461227,20.59875238150458
geometry,best,0,UJI,2,0,1.0,1.0,19.0,6.135881997822689e-06,0.00020037737149272827,36.75609999845619,31.26459999839426
geometry,best,0,NaturalEarth,2,0,1.0,1.0,22.0,1.1763451809862366e-05,0.00024707543165022834,41.21925000072224,34.80110000236891
geometry,best,0,USGS,2,0,0.5,0.5,25.0,9.817615627429185e-05,0.0010094406128259876,32.9761499997403,26.5629000023182
geometry,best,0,IndustrialOffset,2,0,0.5,0.5,19.5,7.651169155336595e-05,0.0015164715244198317,32.228400003077695,27.124450003611855
geometry,last,4,Overall,29,0,0.3448275862068966,0.3793103448275862,12.931034482758621,8.834898666547998e-05,0.002795094222528777,23.130724138323345,20.28894827551618
geometry,last,4,Synthetic,21,0,0.2857142857142857,0.2857142857142857,10.0,0.00010251876828670555,0.002795094222528777,23.344728572521404,20.516347619247558
geometry,last,4,UJI,2,0,0.5,1.0,17.5,2.0445792148968746e-05,0.0010134456261919884,24.88054999776068,22.22789999723318
geometry,last,4,NaturalEarth,2,0,1.0,1.0,21.0,1.3744357144049085e-05,0.00022646003839692062,24.656399997184053,20.951199996488867
geometry,last,4,USGS,2,0,0.0,0.0,25.0,7.850355192116296e-05,0.001220995002437159,19.154599998728372,16.89905000239378
geometry,last,4,IndustrialOffset,2,0,0.5,0.5,19.0,9.191953842487065e-05,0.002359976005300061,21.58430000054068,18.68994999676943
